"sample_id","met_01","met_02","met_03","met_04","met_05","met_06","met_07","met_08","met_09","met_10","met_11","met_12","met_13","met_14","met_15","met_16","met_17","met_18","met_19","met_20","met_21","met_22","met_23","met_24","met_25","met_26","met_27","met_28","met_29","met_30","met_31","met_32","met_33","met_34","met_35","met_36","met_37","met_38","met_39","met_40","met_41","met_42","met_43","met_44","met_45","met_46","met_47","met_48","met_49","met_50","met_51","met_52","met_53","met_54","met_55","met_56","met_57","met_58","met_59","met_60"
"S001",-0.45078407124309,0.662361170939783,-1.46512395119983,-1.30583857523653,0.751948345635691,0.765087574709689,0.684396124552766,-0.159199905413745,0.813039565523619,-0.0257124680074613,1.31823106682918,0.238722728808402,0.78618332624344,0.537063983318331,-0.573333467395951,2.50995226581121,0.655254755300039,0.795112846263197,1.94501567899884,-0.362405550080315,-0.927684633615232,1.34877646314997,-0.733999360409694,1.11592208546588,0.18850549985016,-0.903305769161317,-2.2208422976791,0.361937690407161,-0.179413993099934,1.23539081040402,0.557684406696342,-0.0843103887090451,-0.196706365157121,0.698296210909013,-0.19528591339014,-0.0336659154723795,0.0398941984049819,2.14914229119799,1.13184784971873,-0.0868606665421574,-0.752873094503384,-0.292091306931312,0.996626642878111,-0.998493485735619,-0.338280446311723,-1.35500401932738,1.3851714528793,0.12605595573239,1.08075517777663,0.581042978404019,-1.09087724584231,-0.164042181670727,-1.00729632065189,-0.585551126615171,-0.650991512758926,-0.731849030806378,0.158171312687566,-0.198353253693182,-0.78451727448111,-0.724624153706959
"S002",0.378172741116439,-2.64961942221566,-0.946332788154885,0.355067593123053,0.489442655867923,0.0533273518804852,0.303424501868816,0.00575760288818399,1.10224239068275,-0.110664697538763,-0.216655895053322,-1.23065784387737,-1.4324407000494,-1.36068618322703,0.336494301897145,-0.415945893430792,1.95349294944086,-0.10634852084365,-0.335746611615139,0.425080013159268,0.718184033429222,-0.734537685390168,-0.479355117217407,0.407592882119053,0.568166115047591,1.73262692332253,1.53612901621858,-0.722922625135518,-0.190640662275182,-0.593275284957187,-0.80953131610176,-0.0117161980540468,-1.36041281306067,-0.609893656158102,0.772843956427928,-0.435221802367353,-0.58620535385156,-1.03275696273279,0.127983882388442,-0.727005736771055,0.819038221703722,-1.03107068982945,-0.860913288979796,-1.35712978612723,0.00910481576206107,0.561869733556895,-1.55531487218925,-1.21944491545155,-2.50400818974379,-0.717378826326731,0.669275778741426,-2.11199774156348,-1.34397580157456,0.349991928456747,-0.632404159909253,-1.23011313878574,0.321911979407661,-1.47380979487984,0.620633571635437,-0.624605702946089
"S003",0.682342520893569,-1.4743160374748,0.843128843714547,0.398669981894989,0.491004067466557,0.406294501101786,0.839447679379026,-0.544734598652513,0.481676882585258,1.76934186171775,0.335445955280773,0.603267810868391,-1.14599649349828,0.534781342121664,-0.559994911415926,0.0882584769613153,0.336608106361565,1.47894734098121,-0.899480701296018,0.58141832270821,-0.533656607989228,0.338455777177494,-1.99111673521228,-1.71733464253761,-1.17843384013586,1.32480966402492,-0.100775175604731,0.15704294413703,1.01130248647076,-0.736142859247294,-0.125338695439939,-0.338223989549615,1.39412060670653,0.288821479108208,0.342453323822747,1.32033681078606,0.922156791527223,0.953659462719035,0.97955502945407,1.15403231461668,0.392462240811076,0.229911935381892,0.307663814478801,1.14581944229311,0.155132630167764,0.533746380465534,-0.460814740397441,1.99232496367909,0.350677188565954,-0.0401894061364245,-0.866559935129439,0.116258760745476,-1.09633558547459,-0.452213049615695,-1.89064850726353,-0.660506106966301,0.441648929822685,1.15808007986913,-0.225090432949751,0.685268040225466
"S004",-0.0816145871794447,0.0667484029938882,-0.264135774773329,-0.553032608694081,0.729872262828262,-0.243984677336456,-2.23410995255558,0.245980015926757,0.162018786166846,-0.165701762544871,0.814293577542725,0.0471540867790229,-0.489506902788664,0.0199898061912206,0.41822244407218,-1.32725703613201,0.550326108855216,-0.909513662226009,-0.656617948250352,1.06673900699074,-1.40337785588008,-0.140980873480506,-1.06553304711539,-0.23060278870036,-0.90602904985656,0.0855661199050363,0.197252908354642,-0.105220130866579,0.508936399938723,-1.59315392250549,0.155868365378612,0.12169951580189,-0.254060996308714,0.1211776515098,0.652575515479966,2.14031172015576,1.01940966267733,0.447092261235782,0.162607529696646,-0.650408090309749,0.42470386596228,-1.03032690381228,-0.494873746978306,-0.0514826126343825,0.79596144081576,0.248624372966744,0.655406031409335,-0.742826184284264,-1.86470733888921,-0.29239123271775,1.62967189200686,1.45988671975807,0.212653943267764,-0.0837120640002656,0.673411390259711,0.0137193348195205,1.12006113953178,1.09617663677429,-0.299792924401742,0.812670756301212
"S005",0.968479136975654,-0.217423272141232,-0.097608761898764,0.52616616263124,0.233192248230802,0.873307156418596,0.37770867584162,-0.339768383985358,0.436165055864067,0.639231948501677,0.273559808604101,0.167596233811434,1.97620785885024,0.819338836598163,0.899456569383084,-1.77521561689145,-0.888844599667604,-0.0129765721476449,-1.47683239763372,-0.874632642383674,-0.207729208425911,0.826380279276818,-0.215879089969399,-1.54488017310051,0.349721297078367,0.244957756576208,-1.63544095843933,0.98527117641245,-2.12719554564567,-0.740686906529888,0.429766661544114,1.12389722150937,1.06799111069581,0.536111951177741,1.31139115042618,1.03808391327805,-0.112013250935515,0.129531656872568,-0.191355937968168,0.29443584917295,1.41621887424543,1.36087746551366,0.483607139866143,0.427470779199601,1.08611231447063,2.07537358500436,-0.939442222823338,1.4313454758056,0.763699049307632,-0.257811492042651,-0.428303942160484,-0.572552419232298,-0.306443203615692,-0.48981817957339,0.671585998521111,0.280203494513737,-0.18611310275137,-0.349947689425811,0.256153962385975,1.76697506359777
"S006",1.36070053170775,0.0165865018612102,0.217297482461406,0.608800669770472,0.229399675355862,-0.672478687173906,-0.293891587835469,1.23106803352052,0.689131359022364,0.991660246896867,1.06509102399634,-0.245798438698361,0.261002657602577,0.743574397072636,1.25847359857306,-1.0498687734468,-0.230974872481485,-0.383670655146689,-0.434699910147927,-0.956485195805603,-0.599146682159366,-0.0980458569331987,0.18972632504041,-1.15999285404072,0.123161275921429,-0.112217932930861,0.587908960409768,-0.0486281151255795,-0.272334514358513,1.48064478335738,1.09853385783319,0.991901465576499,2.56073077821056,2.13062793025216,0.566202882073924,1.71402061555943,-0.375089622838314,0.364132992948685,0.684728287461746,0.208169629228754,0.916857064587725,0.515131005832522,-0.345800166082277,0.175788571255201,-1.78093340908716,1.33398742461436,-0.421086023144558,1.66304210669657,-0.213960320734291,-1.70405580360951,0.555623230031883,0.84322888618879,0.662066921409749,1.49096558936055,1.14199900794622,2.54472509235011,1.39353998771145,-0.513130853202549,0.610653800845994,0.775698835786416
"S007",-0.50386184225545,-0.724754826504701,-0.32567625588245,0.490787346925027,-0.949719112211475,-1.41811265864836,-1.37296108595328,-3.06223742276482,-2.2475387240048,-1.31750689007374,-1.59699262088168,-1.13876142764988,-0.445553951140657,0.226008165699704,-1.77396378847768,0.319951155593781,0.229208523241176,0.462304621434318,1.98668376046279,1.45217342473571,0.880329356848676,-0.0347212221864086,3.64421895140957,0.693767174066807,-0.0908068241052747,-1.75659154997238,1.65438796610102,-1.49306163903551,-0.377350538087876,0.456198305418246,1.20517073748181,-0.598576869706855,0.39053042414511,-0.013256521917607,-0.0985524641112006,-1.06852220116387,-0.593590557640872,-0.526712491530843,-0.122952781737754,-0.531789924143446,-1.26567044233052,-0.572999045494653,-0.473976070114347,-1.68448647552165,-0.349665706801527,0.608624851801733,-3.08035493777077,-1.24324630260682,-0.743186758038413,-1.87893678911844,-0.499710332170351,0.990377635446998,1.00148851546921,-1.28742417966228,0.981465661252716,0.144933978331118,-1.13273732494241,1.35089459283406,-0.313917402268829,-1.7191253437387
"S008",-1.55351540659878,-1.38882716422541,-0.290833557103362,-1.34241829756236,-0.476657445727036,0.108365210345363,0.590848358035634,-1.13712482517582,-0.880740000168874,-0.259379334819854,0.196910523640482,0.159336003045653,-0.315513686286132,-0.734858318241002,-0.945049544608814,0.450330584646279,1.53075467226413,-0.46547993312272,0.754362582743671,0.0603028425901949,0.10343348794213,-0.578055106706371,0.510342632170625,-0.511081817814376,1.97372952604719,0.305825204128827,-1.05239692378436,0.35542680188144,0.847947601444347,1.25773903537698,0.682571487447408,-1.68162630599953,0.5790136945211,-0.115235549089727,0.872780411015537,-0.237922043375309,0.0247852503834341,0.060852808802912,0.66802159238994,2.03500947251724,-0.143226199452644,0.680091414388005,1.23662836533427,-1.61142665493242,-0.0656344918461135,0.319083771175411,-1.37123767946877,-1.37818067131236,0.725984693606609,-0.584776996882058,0.63856265744247,-1.21538662591625,0.60859723420787,-0.544845222698719,-0.396633740413294,1.67329966218165,0.0803358465302629,-0.327154926711574,-0.715646625877185,0.868563010873287
"S009",1.41737059472208,0.0652703299931442,1.00494261116066,0.722810162279124,1.27036266310402,-0.150441018184556,1.04904658552308,1.40085461798452,0.601302994568161,-0.546467210741239,1.03091971772745,1.40617972303578,1.02228911513009,-0.00117211531051861,0.892913771826229,-0.955136034565552,-0.450969303215646,1.0662869574902,-1.6281049032218,-0.955895544294729,-1.27463898898307,0.635230887638907,-0.997172378544957,-0.594450927952374,-1.29772775072558,0.442524652301122,0.256213728517751,0.784657875643151,0.216284832768818,-0.140088326451252,0.316457748119349,0.755924337039139,-1.0571270623816,-0.4108877322061,-0.142425731899661,-0.792897326378145,-0.55942906038352,0.127688341517068,-0.807687068360928,-0.121983256820084,0.873386228740623,0.858639393375575,0.559158229492156,-0.902176017076162,-0.416458304761688,1.65283032511254,-0.156411815677639,1.21078452426751,0.654227206245473,-0.341567143308511,-0.567897139533697,1.38565115002464,1.8787392709491,0.162716603357259,-1.20760682140025,1.66809424459773,-0.656491370572656,-2.22060557781661,-0.6099148937832,0.135015334256284
"S010",0.823676808671256,0.256565374678272,0.605883545365726,-1.01111341249273,0.931985445328101,-1.27795469351924,0.962967376476812,1.87316151450541,1.51598181768971,-1.15547834005293,-0.285878942315842,0.099721981458007,-0.171216104514923,-1.2440792716971,0.966908128356039,-0.28715701036004,-1.19160865936527,-0.462215210884928,-1.0363113462205,-0.470605797850195,-0.504981245637249,-1.63766070312507,1.04652240028937,-0.970309769587633,0.202006751152939,-1.06884635895845,-1.30058584488353,-2.22302481498011,0.716143342876989,-2.65639756110114,0.583999048005493,-0.488432668857009,-1.33829655291679,-0.825709964560193,-0.88074532227352,-0.489281538564605,-1.60914499211508,-1.39607116666036,-2.16321773440963,-3.11487725816138,1.05064330967117,-0.39968529417188,-1.70230402749933,-1.57109217153434,0.466219553484948,-0.177214031915864,1.18049876802417,-0.96249856772402,-1.41007571569698,-0.867101357578508,-0.213981717697403,0.636816758039671,0.0179448673981283,0.0269890752921226,0.915660915280143,1.31793070655075,0.157968819859252,0.87397966455886,0.167890805789249,-0.11389524586532
"S011",0.35774562283363,0.503828869592298,0.0294018400232712,-1.49415185670361,1.90353311996813,0.745699707004644,1.49020588607488,-0.313951408078636,-0.695754546440979,1.7898499530321,-0.123059907328104,-0.810121923907442,-1.09928025741584,0.971022169294417,-0.282530962714437,-0.675321016338804,6.59322629273494e-05,-0.500293432421775,-0.0995237677678862,0.9422431183391,-0.803606279154473,-1.34882859964744,1.22999869180058,-0.458518363402855,0.867168382156627,-0.152150718791273,0.295182287175603,1.22956683173909,0.625656527741849,0.356901822009712,1.50326425458505,2.32965346722324,-0.377684390147154,0.781413872206749,-0.0196231685307719,0.226652989506139,0.0546507815133266,1.73455989970249,0.118598707597186,1.22858833953056,-0.79931733964181,-0.793371260513854,0.0895597387329902,-1.83539633904109,-1.50837184538798,0.515476924970336,-1.64399834425776,1.22944113206857,0.575048650796459,0.403410424900548,-0.91660097918398,-1.70693597531064,0.124092664213924,1.63894598557432,0.754396086746163,1.40928858327334,0.986658898656271,-0.569781231628075,0.284727426047782,-0.919300631318201
"S012",1.267024413467,-0.503037176869815,0.354380332408493,-1.58224326861221,-1.48313097454717,0.450903254282778,-1.24822289151524,1.17407080074994,0.148574386155861,-0.934609858050613,-1.27059769486463,-0.763167396975142,-1.71465836918206,0.803136970268847,1.89007369537638,0.611644009958556,0.800238774859833,0.499804896988228,-1.07791421320269,0.0550328291183383,0.382901867096018,0.804520790671641,-0.882448971841273,1.56250055176947,-0.512306766799055,0.599606340843854,-0.889843495583477,0.529251632535072,0.705485610864706,0.704778270190173,0.25393674575084,0.228800712135711,2.08830553916354,0.853324285305057,0.212796154327132,-0.474580733037194,0.867471856286467,-0.424799348198253,-0.416329710306812,0.508054162552839,0.0460939576780789,1.17277297931803,0.285939781470823,1.48138973464332,-0.955139494290494,0.137490376931979,0.347260745223464,-0.452870974181354,1.05759496663271,0.429335296732423,-1.20862579781004,0.56373281002804,0.795971019631122,-0.508741979107722,0.124502498518086,0.345330037958064,0.0592796862932925,-2.11983443230249,1.52991112863588,0.495242988997753
"S013",-1.35108421187511,-0.432546967683732,0.041889896201696,0.797877981541527,0.557793510547535,-0.517557446892119,-0.204451910277772,-0.535204054872546,0.823642821477218,-0.203177255381716,0.0432030376960241,1.35992324659784,-0.443044277738005,-0.412652993112055,-0.0711126640303498,1.0120584178577,0.207970015265356,1.43272667932085,-0.400646814398734,0.681111628378336,0.551834623517391,0.811721857587677,-0.887908821722794,-0.78584067537387,-0.372674353422694,0.177621130559928,0.207857145386658,0.930479330836407,1.25132159763414,-0.776999950914437,-1.35568278894606,-0.421285891610234,-0.426826335577771,-0.882969847531066,-1.13473789048641,-0.726459205235069,-2.61369509278251,0.786906074756947,2.33296566023248,-0.811908170193581,1.07791523634551,0.513513396925597,-1.8039187524947,0.95449947545885,0.677887268432298,-0.354018849778141,0.867156748108143,0.215235501864642,0.272990901625845,1.29153602965802,-0.676533036809961,0.685216576001042,-0.112342474835268,0.608799201651341,0.280356645055727,1.02884715828666,-0.813714675753966,-1.9356615284928,-0.966807532841759,-2.63610637634884
"S014",-1.36307826165972,-0.734324088457618,-0.881689094419493,0.388317122880706,-0.648365403250046,-0.344150995336626,-0.330860941818273,-0.31620220540094,-0.431009632882108,-0.0529521732268521,0.523710856034251,0.026548198369455,-0.7345939583106,-1.05187705748421,-1.38834645896224,0.722130756253112,0.639812192677609,0.875226240632691,0.936468073009296,1.53195039329981,1.4229510447006,1.09490757760035,1.31945722018101,-0.358199301545916,-0.762178260717488,-0.894588016625969,-1.78303329574078,-1.39491183620183,-0.427644421505029,1.10208133063907,-0.675979273994462,-1.41258755341864,-1.56247399225674,-0.92188221579305,-1.38864143617434,0.0165280161345309,-0.0286533554757901,-0.86201696606988,-0.558704252344997,-3.33937773076441,-2.05827186404139,-0.768455972136855,-0.298734794882913,-1.19913345413909,0.469768207916573,-0.340270062492117,-0.941219933819137,0.565930995309765,0.23091745939581,-0.804145838711172,-1.82649195265215,-0.0272193873410436,-0.916738100943079,-1.43068709498618,-2.03646246121815,0.438099216523594,-0.541626292792308,-0.908251432959993,-1.03553248647118,0.358152570148425
"S015",0.0407803160928125,-0.362705022370423,0.258313076845942,-0.64684400717357,-0.11536107931665,-0.226855788961806,-1.45969187363278,-1.2209720022471,-0.663899625647296,0.923694898513299,-1.03423141929352,0.0344052646165564,-1.62178101608882,-0.590996295795359,0.635448424839747,-0.92799549517514,-2.37485530308564,-1.112025666828,0.887732464272112,0.287074156367855,-0.964173592802334,1.32430178103922,-1.56464757956112,-0.291897106515626,0.98533593596538,-0.187448563261343,-0.243343301886304,-1.67710577202608,-0.744135375982706,-1.64557315202604,-0.481225123526421,-0.163811592981742,-0.21464298439341,-1.76622918669683,0.999408624798702,-1.87923938109547,0.0115740880918927,-1.39412643184172,0.52563643974276,-0.128861210224686,-0.157559449299511,-0.049507365407503,-1.83615456028553,0.692867943939907,-0.329918125448229,-0.47254465242556,-0.837071192976697,0.919326760155858,0.798257325567768,-0.543318305980899,0.0936864090205581,-0.696433670362387,0.0893584636090008,0.462724107194313,-1.12349918187705,-0.55984568080241,0.364044365168467,0.548008309249893,0.308717100363764,0.931149124508301
"S016",-0.69737357457625,0.768659592945401,0.901686467260059,0.852327536094023,-0.641737053806873,-0.620582987819209,-0.923508785909586,-0.741865171290283,-0.601832691883179,-0.666200600175064,-1.72364993491701,0.812594104682938,0.518931708703761,0.674390439497889,-0.0803264462341749,0.995413218571426,1.6983288640517,0.444578294865109,0.699690797055935,-1.73905383055456,1.2044361801682,0.555812897460154,0.843391641627786,0.0642153476249057,0.198968219272404,-0.357145153864664,1.03971325760174,0.983415988528451,-0.72508538760112,-2.55694195343202,0.330562542837273,0.951253328979977,-0.819659799974566,0.522876223302388,0.719755077989169,-0.740789435480973,0.164030161462532,-0.0786507241967482,0.0133273965883178,-0.930564327563197,-0.220375806111621,1.89120115704811,0.592988165654025,-0.812839285692105,1.06384903306092,0.973942620563975,1.09292100937113,0.748548949892581,0.0251934894794005,-0.482178119446309,0.909319304158775,1.03929207540938,0.865543673547838,0.608279836424537,0.032734287502287,1.7080697226654,0.962363043453889,0.3193200683896,-0.234653153954621,-0.310101469578481
"S017",-0.129036124922892,1.12148554114602,-1.03972731982478,-0.763511615279324,-0.207506753521899,-1.69810634194424,0.138213387764541,0.565919827215433,-0.921481335594446,0.959556843908617,0.0985753434377933,0.422085934065558,0.245082071977903,-0.751018803768759,-0.630459059311783,-0.850762663636288,0.259625388887518,-0.946132145874959,0.186500571193179,-0.416581133988055,-0.412407578155441,0.112396166095303,-0.803299339763828,-1.52537240469605,-1.04162493194965,-0.452379956963173,2.05055663204475,-0.75947738356867,0.346179124504886,0.171705235964759,0.34489783062649,-0.101288020027997,1.35470627492677,0.244224388004535,0.0700386957142685,-0.423308188070325,1.26277292056442,1.05189950897645,0.478096956143302,-0.137818767436166,0.581344843399788,0.505644091027598,0.427733475530431,-0.4904255719273,0.253848528830083,-0.897692507953255,0.667303932754283,0.685922023248723,-0.0343127641975676,1.10178013829096,1.40716959403998,-0.55693088732089,-0.633420818842421,-0.0262692399699076,0.999418905524012,0.353220009013109,-1.18504544184661,1.06233260296294,-1.01023032426089,0.438090111321883
"S018",-0.414719496498924,0.1185704204065,0.205525400785715,-1.02946551226814,-0.210621629475842,1.14661456858782,0.189171981828392,-0.304246926081977,0.146437892378284,-1.32190088874578,0.56034811468622,-0.864437644561854,-1.15799167402216,0.839401561292035,-0.654808407853729,1.06319284698485,0.589594003589849,-0.735214097412492,-0.147326889237465,0.472625339538644,0.19031212328466,-1.03209150060376,0.615558363542919,-1.71203635506392,-0.0588889380262661,0.664419496082149,-1.11682619843724,0.155707431360103,-0.359487983251053,0.240453349042641,0.443233227289635,0.231347454021302,-0.0550442714233029,1.26707484913953,2.41771949675016,0.43702669351817,1.34541970611769,2.72542657632982,0.0770769382660217,0.165495717170845,-0.869120465829074,-0.521895587881343,0.205740504451849,-0.205160270663173,-0.0659242667474336,-0.00615347604306264,0.216620414412526,-0.891048852511639,0.330028474564509,0.121920076928216,-0.281532831694064,0.605816904606707,0.164200970923827,1.70126338175113,0.250544084728021,0.458160278418413,-0.580918166042769,0.474918976412308,0.674624304518358,-1.82575164116
"S019",-0.210499797788518,-0.0885804808957011,-0.886044014556181,0.486206967499875,-1.36900339855859,0.445457808358973,1.16259509195402,-1.25416937310115,0.529194906852326,-0.123050638505683,-0.0560869845298348,-0.756377399876868,0.880172995155015,1.45540163452403,-0.00730192704330875,-0.232158834504307,-0.492245171091703,0.805837909149431,-0.0746073758387121,0.540149764926663,0.178286958827054,-0.407111580069982,0.991361628083323,1.46638103496317,-0.476738509542362,-1.5839126253181,0.302752938806621,-1.65857754460139,-0.951612980269615,0.405827865219237,-0.260351941645797,0.210690417105016,-0.483446402108935,-0.0511155392273062,0.0736950954743987,-1.10318283535305,0.247787001607472,-1.35952660434464,0.113284748361934,0.259671908678208,-0.140766321207028,-0.922073878875918,-0.854214973278113,0.112816289325623,1.26136454637705,-1.96383103548763,-0.982194342899422,0.545936685584008,-1.59309428445276,-0.842266479243181,-1.20983977158242,1.33873598218649,-0.150872317211043,0.473535321912553,0.954686994528273,0.662890557153347,-1.76354417525895,-0.561822222335247,0.118501848313417,0.993568456137122
"S020",0.24180638663099,-0.10722879822873,-1.65505508828999,0.274747366311717,-0.760012651209106,-1.03042649714686,-1.40756186402208,-0.924119682885011,0.477136442290071,-0.292235045072939,1.51033949419078,-1.33712465084219,0.659811078174773,-1.70650688999785,-0.754696416138022,0.0485613622513392,-0.0503285670210736,-0.032841523538055,1.24772795344099,0.948239778764728,0.646484212192274,0.913381868092013,-0.681670144615198,-0.301873083761777,1.32436507454145,0.00806723639573161,1.1554098590059,0.320270227725716,1.78604100608494,1.52192646435351,-0.172122835363961,0.463766657212362,1.05211751909685,1.53038189085275,0.999677388938228,1.27779176624231,1.04573960566746,-0.194724941346779,0.198744339065142,2.27318196727998,-0.51451366949096,-1.50179111855779,0.407336918758794,0.129982188440198,-0.953481063840617,-0.260688228424823,1.15412210412931,0.148077401664679,1.6109237507538,-0.637534173861732,0.986247266355539,-1.8688013282055,-0.571450154946978,-0.796661089522753,1.17012519730495,0.297456170816678,-1.12307896540096,1.20374258825354,-1.76014303870297,-0.516836759651427
"S021",0.332506010852016,-0.219364348078155,-1.04849883431704,-0.55330424026931,1.5071240295683,-0.1000404706944,1.06008877954619,-1.47762066001633,-0.145288685287953,1.82464996157539,0.78408824979116,-0.252315019893921,1.1670410021732,-0.69502943215358,-1.26357107609756,-2.16222456950181,-0.0695761166403646,-0.127807256691587,0.209772650479833,-0.501564355207782,0.97967007824669,-0.479399834138315,-0.354782622550914,-0.93937451582403,-2.22266658654412,0.158818975807247,1.59786824033173,0.568613938671855,1.23931967673569,-0.292163250535753,2.50456502301789,-0.396583568991268,0.46882407356916,0.478365261084566,1.01012401929028,0.0420458300069863,-0.0197281235389238,1.27269411228453,0.967261099341523,0.665293584506428,-1.3106188276041,1.01684604763647,2.73122899315247,-0.764188036284262,0.0591666248943554,-0.325568006859262,1.39826630780002,1.84962990290807,-0.648534478501761,1.94678943129418,1.2889992413104,-0.00601018903372807,-1.97135267673021,-0.626934539662016,-0.340031464517341,-0.877430411794166,-1.10990443283137,-1.99125215586056,-0.919548903940802,-0.692008410120241
"S022",-0.2336430628446,-0.700816655916316,-0.33202505086591,-0.351776907152886,-0.156434192682681,0.993914562505907,1.27013197613723,-0.333115104063142,0.0996632640353706,0.724751394415941,-1.09352705086242,-0.150950686403668,0.21120290320658,1.00582564701466,-0.837937520065227,1.32392454384292,-0.963486514469768,-0.445312490086686,1.02677609173595,-0.723600475478551,-0.0194136121631625,0.533545611255462,0.375482354277744,-1.01759391925721,-0.128812119207404,0.404462886746857,-0.921636098230173,0.94199329895385,-0.192596294578143,-0.243020605476046,0.451141036171896,-0.161597651250091,0.000147869822502331,1.91106089604643,1.21721083915099,1.44804336054708,0.92122157240861,0.847075767297028,-0.103804111910689,0.370224594175218,-0.317278566279509,0.044217325926233,-0.190709017761594,1.35259336527536,-0.286382173490107,-0.236203145283277,-0.00652765976175313,-0.326517789273382,0.203217499927747,0.823724735371998,0.71505780755524,-1.00140734039799,-0.119122155970382,0.549082388773241,0.603919788571126,-0.633681623248582,-1.20174116868151,-0.418925317977872,-0.294143277315587,-1.00316520940006
"S023",1.4184468764292,0.235527667212348,-0.923179972899469,1.62865593953198,1.06113251908527,-1.69018941871794,-0.377128494095701,0.409272754868766,-0.723787730613728,0.126666379148558,0.714583837666676,0.290528284924121,1.53231523348965,0.269544291603856,-0.302788040130184,1.59196335433204,0.606037672540452,0.698253713870626,-1.71393128757407,0.101898412005548,0.383809834144131,0.7773962717186,-0.271474676525405,-0.475377276772596,-0.992772660424191,-2.0465581037107,-1.25648524583186,-1.81194551940381,-0.282561508513564,-1.48112513053851,0.855914777832383,-1.31869974522806,-0.169368843780602,-0.561728172390658,-1.5047902767724,-0.826637328122007,1.05757768930423,0.75842046663516,0.0675602700679128,0.909520746612088,-0.0489528441892451,0.109089516115919,0.304192485432885,1.29878952258169,-0.951603301804648,0.281380926622028,1.67320929923069,-0.187910715889442,0.151010634246715,1.70389575228903,-0.30913589528843,2.19974774021505,0.717894748968522,0.313468097170117,0.764000672144374,-0.158031332664951,1.97001141179214,0.866369948888981,-0.996371888821194,1.15949305139135
"S024",-0.233340060807663,-0.107201810822974,0.459417272305386,-1.19623063951647,2.46956628005868,1.13505066538873,-1.2199274407756,-1.02272094623291,2.54425905355856,1.32794891012141,0.171830493288275,0.724052840112084,0.852773862730506,0.612154750027475,0.408776020822891,0.945582216988161,0.587688901847039,0.0114534241788153,-1.95489504869112,-0.195797078060197,-0.274640786002439,-1.3390169788388,-0.387371265542692,-1.57707842936513,-1.05028869220894,-0.572083309593907,-0.987818486810586,0.16018337813168,0.856761679877908,0.600430337446858,1.37700067469807,0.768988461025314,1.63881541576948,-0.470510589578214,2.05890825128461,-0.0722690819957305,-0.610315872203152,0.659016583214813,-0.124484144323826,0.831699848029938,1.01143842324589,-0.519526809983002,0.853969235923544,1.5773427762101,-0.948945597797911,0.745002125830516,0.267159471929419,0.188891612906301,-1.11066428697126,0.317416127633662,1.55884715840987,0.279310904927714,-0.369374573107442,1.87931766065217,0.178589355292256,0.98886253134165,1.17899100873434,0.230427766547888,2.19773205020902,0.783864081796735
"S025",-0.732802150545152,1.22882753524004,-0.132956855136053,0.284163360264881,-0.860143368402989,-1.20699821451351,-0.868355199611853,0.680680220436801,-1.7122110431471,-0.260268065141209,-0.271102338166089,-0.44587939959609,-0.163125863103744,0.594209125562189,-0.654110756512934,-0.264169898714849,-1.52181306332705,1.72435322463309,-0.186672887359342,0.854715977839019,0.279934597459346,-1.52735980682766,-2.07827399221517,0.994467313883185,0.593165901677567,0.332217200022375,0.350268920505553,0.304828072104118,-1.76049711824728,0.534781697686836,-0.31914119979949,1.46910861098237,0.898332012780898,0.0610901322559391,-0.499414940309138,-0.289592882697361,-0.246382964988673,-0.992074944459419,0.119349804568619,-0.488496350352892,0.328354302036306,-1.35660639201601,0.125076893000532,0.580142047463796,0.598681893107874,0.0188974190263251,0.797628072437852,1.19319191633054,0.0942366008577279,0.885817459708263,0.00292017483528034,0.472541052672981,-0.242988358142305,-1.09007294106812,2.29097234963873,0.381186418097105,0.992091639738859,-1.38443731279062,-0.070385203980558,0.132071002367888
"S026",-1.14138358935094,0.346446219537524,0.831276654040239,-1.66158303331496,-0.669749895017766,1.02908273328306,-1.07458720033737,-0.0789750780538795,-0.275113929948459,-0.941798919630809,-2.19126081791548,-0.438854660531274,0.42384377399112,0.352394110502996,0.445293540580323,-0.880643604872126,0.247046257255762,-0.357043588826031,-1.03534330756891,1.39496589660432,-1.12370850909465,-1.15844276934435,2.63969953121858,-1.74502863007071,0.198132707287851,-0.749310262814404,0.281449177923069,0.077326636991619,0.156192457547053,-1.04659363226815,-2.33851424296028,-0.107065182781071,0.0703465866525851,-0.46241062506861,-1.51845626370153,0.32035994383478,-0.108955360964793,-0.0728362733655551,-1.40625214139388,1.60426701984923,-0.552554573907344,0.736533771380931,-1.1895937267724,-0.110593911914449,-1.76014716580492,-0.140660256565058,-0.458537567864984,-0.820279861787344,1.08042522722886,-0.574495947478736,1.51091593924568,1.07160913651241,1.3696676112925,1.6586329843906,0.510612599474754,0.144722165465186,0.72598682906529,-0.833576107273117,1.53861692948576,0.768223621727467
"S027",0.125651560838286,1.06913116800526,2.81665339818019,0.411001432275859,1.4458195430099,0.322693829466727,1.14339901288077,-0.997784681799527,0.969793031682227,-1.57311370740733,-0.974088499172823,1.46374619531268,1.32524794692712,1.02577212479064,-1.29668644180221,-0.902730576329439,-2.2462602593778,-0.631676200638184,-0.0859407127564297,-1.43887855643037,-1.32577162468182,0.782762712749231,-0.56473626541495,-1.75835030046624,0.0447287129235338,-1.92180758658333,-0.684975761871104,0.272620563339324,0.969542332098987,-0.218122311362827,-1.56723723539833,0.593212727588486,0.180721378360442,-1.40547305888699,-0.689476696626888,-0.300339156153752,-0.0168919992246098,-1.18032895310086,-0.57612511090111,-0.776006864042586,-1.40275178432612,-0.898399912815126,0.395673332504773,-0.89333662486939,-0.429544129531948,-0.86069864245175,0.377633057081627,0.176845980685807,0.183795606623022,-2.10230532807124,1.79935086867893,-0.660140055067537,-0.570308797189891,2.27920666647602,0.32471768199409,0.242951804974079,1.87124859184254,0.487033994080463,-0.253770962309975,-0.0769345603843019
"S028",0.0165557199369453,0.961438540227731,0.831795503193394,0.229892404592606,-0.528829723331978,0.00740807751582173,1.17180019697681,1.10951237903989,0.118731297690777,0.264808786130482,-0.237918360249575,0.990021417859791,0.220132918786659,-0.184664039427546,0.42548247054303,-1.36037093112451,0.137879924739215,0.0117332508159012,-0.285305923074283,1.23952457563272,-0.779195676281406,-0.511159554369848,-0.531174418429558,-0.718030715318956,0.272968682573845,1.11794666941442,-0.690081900257087,0.723567046720243,1.09099422095325,0.103733660204372,0.639777444004762,-0.614131223039882,-0.494988399614519,-0.265894758639108,1.55132042510811,2.03828543037531,0.208985928166309,0.448429897344543,-0.32846466993027,-2.15781571171223,-0.788782502323169,0.703599979973789,-1.53349398191147,2.03308334931999,0.22628007309931,-0.463072356206235,0.00780619480037822,0.283113430671111,0.339447065975936,0.407684762881906,0.0439019586584668,-0.807829735265131,0.898224143416605,0.138320934408476,0.383665082611972,0.00787265303535336,1.10437386044592,-1.0640155619541,1.04775595854611,0.781109755811229
"S029",-1.64207605371273,0.244065863031262,0.80663976225482,-1.21501593842272,-1.18778671320896,-1.2639770640044,0.474425359908144,0.149847947968429,-0.463985522619705,-0.675293631848099,0.158750626563262,-0.998176588018398,-0.37511711243018,0.0410042244517703,0.226837426550963,1.46298148753634,0.973429280864778,0.374979594320001,1.76825160409099,1.47551575849525,-0.321189248355221,0.96556393564898,1.16105030010945,-0.326771276950103,1.75262565859255,-1.61496310178467,-0.983534263747053,0.855076402642014,1.36774942950005,-0.0407978669822681,-0.792788288923555,-0.393658562710146,-1.16273957900239,0.318847784433963,-0.777768037830879,-1.84866808003801,0.529764548718809,-0.806009314264641,1.22592606780735,0.317000925091557,-0.0973774767455865,-0.51805754248257,-0.379441887087619,0.431405540048822,0.189166857397336,0.0330724573187096,-0.844174121315407,0.120662212433125,-0.87972627083156,0.231108174858126,1.08911374310826,0.821888142879906,-0.172979508219902,-0.574198315242437,0.155088394395326,-0.0186086225500963,0.218612632712153,-0.199438216162344,1.81607924376325,0.0591760159193797
"S030",-0.04291213735199,1.76503114267512,1.30744980411106,0.93478503655147,-0.930413835797538,-0.227603225780274,1.54165712502112,-0.0875650702489223,-0.641523727320539,0.808798730580906,-0.269393113338187,0.178311568870002,1.86408057907423,-0.0312831436842148,0.658226270971232,-0.0587259623589887,-1.26919320202389,-1.26298177023006,-0.389193064060375,0.699479423412693,0.109710124453331,0.220598271898704,-0.956620730912814,-0.785471154395598,-1.39073222803148,0.187043925748168,0.910378610075819,-0.153201279345619,1.53806250884115,0.495930260022995,0.105628782592254,1.26031688612662,1.40810700160079,1.11981377344607,-1.0249143032053,0.0062830666719822,-0.381603641586132,0.170646105626487,0.46096845298581,1.54096680264621,0.781670935080729,0.570833176884172,1.04740681789238,0.468481878611692,1.08737256789244,-0.354308518581982,1.12571344788248,0.985458358506664,1.07020452591752,2.11120622662745,-0.386152102795503,1.15503893883382,-1.00187842823252,-0.105746860210896,0.702855475608055,-0.343319569837534,-1.13901839097726,0.521846360028935,2.48235669991212,-1.83225123379814
"S031",1.34160525615399,0.209210572811074,-0.144090785670856,-0.353850683604299,-0.350492329303036,0.932259331513445,1.11324609291589,-0.828707000080821,-0.920656493831908,-1.54391624233407,0.1700491143973,-1.49828992396526,-0.903190070150119,-1.01738126939737,-1.53051109445621,0.0311280611125791,1.37759351404372,0.727726916310048,0.15057681664812,-0.254941016842391,-0.379510857296774,-0.111529326972924,0.269475996218368,-1.48179376308978,1.91914731784013,0.755965269193127,-0.417644970866985,0.740010380859708,0.445737899550967,1.27983723132031,0.782095980086609,0.802009435266968,-0.0572636445882916,0.666479706805057,0.385059639184075,0.502820652845357,1.49357705402025,-0.00099055464528234,-0.606011479764983,-0.550071506750742,1.87515939237928,1.50583180450928,0.178214855573224,-0.544678732571226,1.41502534214043,-1.41610286653315,-0.193662862783205,-0.0613737039220044,-0.65837503453277,0.759623476671433,-0.762572049048292,-0.269010461279705,1.9229004571658,0.0359222309865155,-0.431566146710851,-2.41317834864045,-0.0889789553146968,0.37974158497207,-1.80198548393182,0.745275314985569
"S032",0.0420897027098344,-1.42865306586542,1.84341972825294,1.49537585527128,-1.7044634735668,1.19686527491331,0.886705620134355,-0.202137109329159,0.328162729260313,0.264823807207822,-0.539300733453434,0.588871341888576,-0.589081565941058,0.466798905581453,0.693538806635838,-1.61528049108211,0.265049451753048,-1.2933174407001,-0.751264224893881,0.370268869561088,0.559205274540804,0.364281013871961,-0.892572709215535,0.402882789808168,-0.141219922637543,0.218807879331654,0.0363218556843925,0.0546232403907899,1.49077463010257,0.650648737154871,-0.878809976728728,0.862767302002824,0.637965662086384,0.313963133094442,-1.7545042790028,0.529076279708776,-1.09538308719295,-0.336338841854836,-0.0387098076968824,-0.00526588612098635,0.810523513000274,0.24150010222611,0.549904850405977,1.36814307857054,1.20502064984976,1.64712918253397,-0.869196182729933,0.624725659860839,-0.38339552062083,0.573235193682828,0.951304031456047,1.08790174984073,-0.932600683551049,-0.672900792831888,-0.128498410659478,0.250131139030683,-1.01194836213859,1.11999954087416,1.37702332861172,-1.43999503938056
"S033",-0.0227110734271692,0.661370292955169,-0.533892564007598,-0.448024290180522,-1.05593797279231,-0.538400949858571,-0.358297730452729,-0.133573748958094,-1.86396698420497,-0.471532056531586,-2.33230573170788,0.175284827335541,0.215516245460927,0.685719485984599,-0.973468033138353,0.703202390162476,1.22600071638666,1.15217896729849,0.964733459486739,0.311716265045018,0.471096491588895,-0.964976274720311,-0.0634521946709871,0.311100607017737,1.26395988631276,0.747466987032113,0.327865579261343,1.39829155194826,0.467173808410587,1.05731007755877,1.56945914414163,0.403068713134529,-0.236943293603315,1.97137545919042,1.5040218459155,2.0849677031458,0.925602188103466,0.685457738383336,-0.0198074046995498,-0.20506453905315,0.0744693347747915,0.413732703516163,1.17799886308466,-0.811709074468859,1.1105458773703,-0.837224536750446,-1.44900769307551,0.799652242917287,-0.0114669672741078,-0.789049340347681,1.23468650249914,1.7149146897078,-0.798666314511443,-0.458427775721233,-1.22236392204253,-0.0850541432330234,0.0156661788762691,-1.9736373228845,0.135269640170232,-0.22035888936638
"S034",-1.22249015768865,0.329923111282968,-0.160109037885767,-1.42378417019451,-2.05519293402455,-1.64870846069755,-0.60992133529004,1.02783028036242,-0.668098192060861,-1.65201280931283,-2.02788687105051,-3.17875287450262,-0.9254623542678,-2.31963048615567,-2.73141454620839,1.17283838760358,0.703849426483487,-0.0902499036509495,-0.45198686500923,2.48883285261029,-0.372014562507015,0.0922220937133867,0.409769234531497,1.74186828613528,1.2881584725667,-1.787290304168,1.05250631206436,0.153535116163642,-0.726688355665573,0.592100760327132,-0.112884366490249,1.2139158017853,0.493865614323759,1.31242106105054,-0.764324804706106,0.0281633460962835,1.40965137906558,-0.851572642467104,-1.30248369871539,0.738117719268148,0.65583959171076,-0.491168376185146,-0.218021770440501,-1.6675845240105,0.318957531665209,-1.42062811945736,-0.384612221362371,-1.59230082745824,0.586449095823757,1.1921306235042,0.395499378245727,0.499987421120642,-1.52148194916085,-1.05307519741805,0.572024076356029,0.761012718540858,-1.29011246751817,0.828684293146963,1.15947496644384,-1.36051124878991
"S035",0.117771227658708,0.449764481801039,0.451245234686695,0.463920683855715,-0.0488758874317161,-0.769701064219931,0.388532189373332,1.25591276552479,0.563455426020848,0.110111034584059,-0.151194928056798,-0.870273038518621,-0.358099422561889,-0.174494257249559,-0.0446373641936541,-0.268680786322898,0.467926853660295,-0.816522106764467,-0.347277861594551,-0.826610595055807,-1.20826913364587,0.145629010850198,-0.272860229144308,-1.09503607526469,-1.90717698769558,0.876981795031157,-0.36499179447749,-1.43926496136223,-1.04468698266468,-1.40150172870081,-0.465361932737138,0.699798554920896,-1.09214481528616,0.867700274140935,0.681593438115697,-2.04474604915742,-2.09287100969954,0.380610397069608,-1.98587122620194,0.185327667165029,-0.59089404887953,-0.613147396476955,0.204258571980938,-1.19844459849726,1.31853987130601,-0.210764909901028,0.0431471782207459,-1.38517960830208,-0.956646190494529,0.303852356674188,-0.375404813183191,-0.519971332596187,-1.5781454188126,-1.06428625856943,-1.75221461525488,-0.488488491838532,-2.15601852713559,-1.24968446972862,-0.347228172104023,-2.68007060609907
"S036",-0.893957001931632,0.581061182710718,-0.858362468674263,0.881491503718185,0.543291022563544,-1.01603425337993,-0.984860213793704,-0.727843049013601,1.29446368477692,0.446665033486312,-1.78380172645359,0.929187898339679,-0.305000149333371,-1.01152197663545,0.210035360325894,0.261905750935828,0.00572764637913214,0.125722469243189,0.2310873804182,0.0392669517228034,2.22840090726635,2.18608053224383,0.978936425069117,0.421769851231097,0.716194078314776,0.560292722875045,0.568473515924898,0.269040932837546,0.143924868258434,1.52980667865022,0.421719570385206,0.997060335809694,-0.529882777465429,-0.240708051653573,-1.19445347968372,0.244873821141343,1.01774431492116,-0.841174886745157,0.644782649069794,-0.335264074049839,1.1606239910506,0.131251106991791,0.0854586364961847,0.424293299130826,-0.0926928960046248,1.68657147086978,-1.3897148029567,0.994301280051421,0.653852209403073,0.910418803059376,-0.215502669235834,-1.31119514982826,0.571310658731128,0.152673330598823,-1.50679883875899,0.587816719666386,-0.151384278563476,-0.992887826389536,-0.378944764848415,-0.110902270272332
"S037",0.468557990846624,0.502610967786538,-1.58765806136082,-1.2574442926784,0.12409255963692,0.202133829501027,-0.886958659208015,0.362085002809478,0.792248341580454,0.867290631980365,0.619725549688287,-1.35919197343939,0.694913155029851,0.440660003977101,-1.03162468906686,0.489911404781589,0.482175955441149,0.0660285581210231,1.4632914252188,0.0679356337596208,1.8897279281587,0.839856398611005,2.69717125273836,1.17733719743326,0.873818314204933,0.70109165123074,-0.864749415926662,-1.19271804173352,0.573597887726019,-0.0739374522769436,-0.265036697500837,-0.382642548580972,-0.240813266476121,0.741646466026751,-1.00084774540951,2.00647499789636,-0.790006030372951,0.980202492446545,-0.367584654128564,-0.864105731815774,-0.384471081034394,-0.0942867414510374,-0.341220766857641,-1.05246151278581,-0.622553399439473,-0.492588938793167,0.129627281009947,-0.507086639969966,-1.16052657443412,-0.270360618091135,-0.339361143504352,-0.962243023131637,-0.0283179969779177,-0.878811985567847,0.869990663252834,0.490979167703398,1.04946483672647,0.00739835332456731,0.27137590792865,-0.29249886810205
"S038",-1.23732862187526,-2.79117533467442,1.27738338646898,0.61420351020969,1.86643439124929,-0.0104173189034859,0.113371082799395,-0.224434184534007,0.868076286959037,1.39227308780795,0.809474638335987,0.217930529931534,1.00418246151067,-0.0398602409150075,-1.47419044246382,-0.266408570667928,-0.315614189051349,-0.694218680909347,0.23797671874734,0.68175864861899,1.85969579529523,-1.6999173321404,0.684370695660595,1.18389211753804,1.30450100752788,-1.10581076584215,-0.319805613106227,-0.0140325401650897,0.651226508952044,-0.222707047925459,0.38968674512709,0.70877325809239,0.288900406148581,-1.57488801690332,-0.339804677156164,-0.608845443322576,-0.516269273998677,-0.334403811392598,-1.14702906928631,-1.23034761417035,-1.16614118286536,-0.422718330242295,-0.4778665923509,0.627084456803208,-0.844332955405355,-0.545669270541886,-1.40778059602273,-0.0537800410909609,-0.394375954782103,-0.504496163958155,-0.555478597995204,1.20679561338112,-0.171262326314042,1.5002869130696,2.0098861312205,0.568296253870313,0.861947879579069,0.18721958935209,1.30874138074266,0.511933317126113
"S039",-2.13391917196687,-1.54298751871213,0.379485128447616,0.328325306528617,-1.23294657529046,0.562662224795266,-1.73374412436547,0.188897584654663,-0.363503281067991,0.423158786939949,0.434286379572247,-0.0859034794955851,-0.816085423508957,0.378683250880038,0.443347695552802,0.865006068110928,-0.3789833368189,0.445936758370596,-1.05049858849849,-0.139016947558523,1.13344963364166,0.860778730730457,0.476439558461492,0.485546259743754,-0.675907333802089,-1.58684610276263,-2.04220795925449,-0.706558419416255,-0.557322287234522,-0.710190475318193,-1.81976828980539,-0.463929387146596,-0.471633147810112,-1.50726148529009,-0.611962502580952,-0.0828425962587123,-0.711570520892131,-0.981024246135476,-1.53931024965824,-2.15740035389041,-1.31784180567544,-0.256319147338332,-1.21969088289297,-1.26460857748203,-1.33783162101459,-0.50024916061411,-1.25059036088551,-0.266475267037452,1.1921420445254,-0.675265841741755,-1.71054674982045,-0.0609802949568631,0.47714425102082,-0.182197141939106,0.51827143059268,-1.81989961550841,-0.82648600967664,-0.801383602551475,-0.814457304895939,0.40860346646804
"S040",-1.45259268699358,0.765650990393642,-0.382847830939401,-0.608452730677271,-0.625106972925384,-1.07000153147925,0.414167698535388,0.799784513095799,-0.61853469147453,-1.07226160030264,-1.11669434198913,-0.570297967922304,0.879493600961632,-0.0332576025690904,-0.232249083519392,0.345660793141134,0.718569359042481,0.0327340150899332,1.6067159725886,2.21344939302178,0.668890089435057,-0.379129784746312,-2.00287214343134,1.15643566424878,0.944251307744307,1.09380402770103,0.936607076771062,0.420580140503421,1.56031855209146,-0.753640222838504,1.14558152427253,1.28255389233308,0.484112827744736,1.05997514260778,0.376083195983069,-0.376868265017892,-0.119017286375218,-0.192338440380612,0.362356672850086,1.58838962288165,-0.667618386967927,-1.55294472151872,1.36750833180902,0.823900347516512,0.923972791535099,1.01608025196135,0.973378564040955,-1.67266312938596,-0.12648674369923,-0.897419794705152,-1.80285970772868,-0.915385713992117,0.159089462725357,-0.310674746052619,-1.5819868668884,-0.044201681641096,-0.9118815190207,0.631841739759872,-2.72835220470154,-1.54305786876675
"S041",1.38717995328875,1.51590984569248,1.03860473508278,0.385286207787504,-0.318361407043657,1.03904961751708,0.234669113126822,0.552524294454238,-0.784724255891194,0.172857093057138,0.952333268606081,0.686638593141312,0.94562486012896,0.984962793574378,0.761341102967955,0.521055117908952,-0.81923522748602,0.305288434292726,0.0390901644564917,1.38566153918246,-0.599253521099361,-0.695656990143629,-1.03619767053769,-0.120022376224004,-0.858043294092096,-1.18334968223749,-0.394959507497408,1.87709716051778,-0.396794245318797,0.52613503712436,0.975011826486261,-0.711297024928295,0.341808033682385,0.748404015984938,-0.722947921543963,-0.651945096017248,-0.0937391695212854,0.88651572284696,-0.454294480588263,0.561057103727197,1.0736028750547,-0.0532573336494185,-0.559213116247865,0.944017873319811,2.34250927614896,0.182958118206062,0.321405095747036,-0.355021016380309,1.08409328722461,-1.52782519961226,-0.574046779598023,-0.245850944068906,2.04668731960266,-0.695819200061254,0.50251740080104,-0.666254453296153,-1.07906295170146,0.657109214647706,-0.0911104351068254,-0.376430155415713
"S042",-0.21859048943461,-0.552129527182431,-1.54327908842884,-1.64648598731699,0.54828309634081,-1.18663353707741,-0.362688078473005,-0.195839656883065,-0.477508485139105,-1.2965949157595,-0.290193985583462,-6.16194548151813e-05,0.35779398764361,-0.160361717065875,0.243835818200719,0.443212836445049,-0.774071833541823,0.608289521065707,-0.110935067689638,-0.322573977205976,-0.721144637171765,-0.328420416701687,0.134441528741014,0.145529053082447,0.181420284980113,2.42665057860087,0.111733778157854,2.32790907056715,0.421765108643437,1.4682384952557,1.39336107287614,0.815645181942434,0.328909558303461,0.834357664289948,-0.0148622189625647,0.584427385612861,-1.27344834065248,-0.560674462575491,0.000583625998127023,-1.20353589356824,-0.736052933436696,0.384852643200205,-0.0490995809534008,1.34175216958232,-1.77860975502777,-0.824402913062476,-0.608518341235359,0.656158228313036,0.851706446736725,0.958516296265943,-0.979222363565349,-0.364478594814589,-0.923786956120241,-1.33218731471854,0.536201542061035,0.00345543073732421,0.0932061964498833,-0.524382860032477,-1.13919571582039,-0.170507796163021
"S043",0.125925594019924,-0.5708330043645,1.4813308169021,2.43110614285988,0.669975421418193,2.82172386731187,-1.28831543967112,-0.108394366083443,-0.335038116629838,-1.0871475640416,0.845562538928795,-0.330799098434179,0.890164725042802,0.497453525803007,1.3719730314463,-0.0906531274868136,-0.589751310817681,-1.13349320821696,0.5291896608121,-0.831533688276913,0.87520575214597,0.176162133595577,0.118927442534518,0.0293704602742223,-0.339896208997207,-0.276157728348173,0.104776679001804,-0.397656603521017,-0.328679853993788,-1.79896600558031,-1.02180764849942,0.951906662258762,-0.557893472781187,-0.703857954140323,-0.0968801704872326,-1.40361501899693,-0.386058136082776,-0.136088277367477,-1.57816717972339,-0.753106951463898,1.82689382875424,-0.631958301058797,-1.15340565043036,-0.490012570168218,1.09062078897546,0.998629473145953,2.04641374288627,-0.162205839713268,0.142641389922011,1.92729611424659,-0.0613208711200162,0.15082571681326,-0.68350270546281,-1.95663727842747,-0.483757051088271,-3.00339388262574,1.2277053362754,-1.24700660827544,0.34494666599643,-0.0756477407280307
"S044",0.130018170697384,-2.5402501779019,-0.22367582426045,-1.25630736592518,-1.67625755192369,-1.68162367533497,-2.28244910241248,-2.35307838804691,-1.61723226941487,-0.549614278714647,-1.49007298768521,-2.61664682717879,-0.65848425117702,-1.49910191827213,0.137672782159885,0.957155074371907,2.06019009274156,0.74823422327456,0.152824080679962,1.26618192853656,1.63048497551036,1.4953912599248,-1.85451447793104,-0.917913974120724,0.383215298053022,-1.19886674532933,-1.66786421037571,-2.08021447460283,-0.959654012862243,-1.21717949532073,-1.2976403319114,-1.98657599592011,-1.22497950366564,-0.642977147745631,0.376170445060546,-1.61037853486089,-2.43394314971121,-0.643283636350694,0.379347812898224,-1.62745152039347,-2.09955534368997,-2.78472543613822,-0.0373842547387372,-1.41265322534438,-1.40701979330091,-0.497858946538676,-0.614027644913547,0.381068283450235,0.0674775040368218,0.126833554601466,-0.858888774306633,-1.7998900531811,0.836597154442697,-1.70249597895662,-1.97633964343799,-2.56890612524172,-1.19287886532219,-1.41424666595206,-1.1936283104921,-0.305670272084375
"S045",0.72585572759165,-1.10340564862781,0.00758985852759371,-1.70656587043024,-1.39023273972173,1.10474503814629,-0.797463389802364,-2.43240178947552,-1.32603114316572,0.0311695190527582,0.0543946960175935,-1.38195816452291,-0.605060356098731,0.158962998096318,0.46941867051829,0.563738212002325,0.497208746085139,0.352607983631331,-0.191024643226381,0.808051062080815,-1.41308799072854,-1.08170099495886,-0.469041791137564,0.826024021098515,0.278823717754221,0.533952661478383,1.00299779991303,0.354502745880516,-1.54263872095834,0.141249123234516,0.673334182229486,-0.085112066407328,0.334193450624867,1.02357282099279,0.375407150787845,0.996059884740497,1.07861195364843,1.54425389845756,-0.0893529167077183,0.987917333986528,-0.422944742594638,1.24627610495663,-0.185239136061353,-0.157810406671343,-0.627614835293222,0.603208377120918,1.57529406899828,-1.05455922316766,-1.14780129244693,-0.486687234468782,0.299396676014262,0.8961277284441,-1.74968539819834,-0.65866312873575,-1.08567462008286,-2.07618061385839,1.11523861477176,-0.143594617682625,0.00553472719866545,-0.483837846341028
"S046",0.277843683212186,-1.01590690235744,-0.936442393965192,-0.794247980244785,-1.93163928547501,-0.0966713496944833,-1.49243099915875,-0.889591849912291,-0.508084020813279,-0.62418521791331,-1.76566224377656,-0.443812761849626,-0.55663872824065,0.353446814743259,-0.711287777702173,0.903038508493035,0.707683958892105,-0.729020459834532,2.1500010640985,1.55381553956851,2.07947186451924,1.03919225601437,-0.370161445879014,1.07432282838608,1.02704883311106,-0.276042068354379,-1.06697209524718,-2.00816031425811,-1.73315402735616,0.474970623188325,-2.15162569366667,-0.655247035211259,-0.0138139198233822,-2.24207185953316,-1.57018303596403,-0.456412921259601,-1.6850206948656,-1.1575384086233,-1.73343561773726,0.312211957502598,-0.669001577268761,-1.81072656700139,-2.38067638279152,0.299952124062351,-0.901017236937677,0.0257140415083689,-0.993010411986494,-0.435268234818628,1.51801671187112,-1.88958988060313,-0.496888104995785,-0.383980109775799,1.56616531947639,-1.13494149785603,-0.701519144525805,-0.339121806978804,-0.0667180809009748,0.364139740978569,-0.437829002955759,1.13169190901617
"S047",0.173498645174415,-0.755674454851519,-1.77693452128822,-1.02792055488977,-0.122841146372234,0.237931625001646,-1.19885021442827,1.0792822519536,-0.619362783739987,1.16028006991601,0.11716572172849,0.556946654337841,-2.10872385859625,-0.371375845429705,0.701150551773369,0.752684666822175,0.479515014968464,0.431983893690084,0.427381613867145,1.27046829339692,0.56854091658768,-1.00585506702235,0.45787742972403,1.66992400228383,1.109839808422,0.260614402975398,1.2949952998961,0.693869086900985,0.144911231570758,0.485608750192457,-1.27796196680637,-0.518741185846546,-0.772879666149883,0.0990269808593455,0.271525812893863,1.54064849401289,0.392319456527974,-0.0098954094650934,0.65801728557917,-0.040158490761328,2.21581583868859,1.22724200231279,-0.636363710384638,-1.71206258450978,0.883627856690016,-2.03065169749657,1.05939185077147,0.656426185565127,-0.24115216069442,0.379581224986657,0.873521172256379,-1.81356713084481,-0.586737883764933,-1.61942257683909,0.17057028066548,1.99614182047664,-0.499843513463942,-0.340532231837953,-0.898010075029521,-0.401339178291701
"S048",-1.05586901305579,-0.894792224892234,-0.774613612893214,0.711717186379898,0.578232109723847,0.497687170249225,-0.553901016972452,0.0551739482108184,1.92775695209394,-0.23305662119876,-1.26868656824816,-0.268517358369021,-0.0108709042885577,-0.0809224906141795,-0.56490695389697,1.98176932684109,-2.27845392364317,-0.304470796962155,-0.436034740525838,-0.426855858787454,0.629635008886943,0.820142700050517,0.58507989297946,-0.579699303445855,-0.399652527250211,0.0266901848095624,-0.106567872430412,0.364805939528857,0.885405015117401,-1.09884078268587,-0.480346877097779,-1.56312033121523,-1.10744521812877,-0.598592463335038,-1.88983742050556,-0.588317234865545,-0.584484720683843,1.29600625601897,-0.515601426636965,0.791110374505453,-0.284408531388076,1.91504885935231,0.56429075185218,-0.831811212311712,-0.0774347758405917,0.414538704528204,-1.95751557867276,-0.390178304282335,-0.669946218841129,-0.501104485946494,0.828775636006537,-0.422704135615549,0.74089361017732,0.625774727278096,-1.37569712069768,-0.690124658007834,-0.70231403035057,-0.789967311786689,-0.930355453715697,0.610127779488143
"S049",-0.826336328421775,-0.171480502315186,-0.171859944137803,-1.21413412855727,-0.0286166334704122,0.0828064233013008,-1.15426533188154,-0.396087575084865,-1.09777135140751,1.38614322852097,0.517172632110268,0.293658121514427,-0.237395930857556,1.7739052794442,2.02261615483546,-0.255355011678698,0.448451562945349,-0.677781995336654,0.765900707716529,1.03404027225686,-0.112517119371811,-0.0382233765411418,0.0471831673963047,1.00461535981448,-0.170149071977987,-0.255316353831892,-2.36680123688972,-1.44658589426234,0.478426713288058,0.0124233412400484,0.321601089468036,-0.367795416572764,0.668324366907966,-0.738918794716109,-0.0574848375043055,0.420872819093067,-0.900970429902075,-1.85002378796892,1.65169649669292,-0.9367455384979,-0.00818634436946333,-0.27695136574051,1.34417422355168,-0.19576203328972,-1.30187425080095,0.247789266390948,-1.90833535438034,0.142495743967192,0.109460165439121,-0.454151289928413,0.584026532484619,0.51576573730151,-1.28393650010079,-0.830470163083105,-0.406826845208049,-0.860295031041669,0.204496817487374,0.498875581995961,0.480141793987494,0.38188711506804
"S050",-0.00642699217718395,-0.186305040506111,-1.1934896162157,-1.77979999664997,-1.54152457859306,-1.26088839826646,-0.557010712130883,-0.799419474853286,-1.64994206036481,-2.50260165613652,0.884420239557338,-0.958363681670335,-0.687939678051796,-2.50280644365654,-0.283914219169649,1.9721743890061,0.796920715487467,1.36368639968687,0.209653806221144,-1.79619326746505,0.629788257650388,0.959523298356429,1.09388319374811,1.31444176449668,0.754030298608968,0.0574681473605179,-0.407716679898894,1.18433297443336,0.359558464828844,-0.152858232417403,-0.424774824528057,1.82464821116117,-1.74102574329046,0.0435853084648214,-1.36993585258787,0.580482818883688,-1.41057808758423,-0.286772299448841,0.591907611705277,0.108393301550902,0.288486542229487,-0.617080818719016,-0.765935160207614,-1.48076361944381,-0.967708173298426,0.507357329372767,-0.407074008533805,-0.109340303326282,0.422159599350879,0.0432764359160016,1.67761342431947,0.422083645573501,0.335085083017633,0.629951487987588,-1.27485884737413,0.349040603675866,-0.456472881388644,0.63865151942519,-1.19252489100858,-0.148715198008108
"S051",0.249093864311306,-0.812652661614476,-0.525961208276713,-1.18532661175044,-0.953537162450007,-0.279734941968753,2.06507878801439,-0.268984628096875,-0.980741362713162,-0.0400876935675636,0.0977481318982708,-0.264105909901058,1.2673954383017,-0.81572579713881,0.836852540859744,1.40961016187871,1.66801834693303,0.779155941548941,1.33878476341829,0.31245906058235,-0.152187694900478,0.840900280478282,-0.723350645381347,1.8978320610543,0.148273700553672,1.41685173896689,0.325986716965546,0.878148807302647,1.23657111007262,-0.116181493530708,1.50016390586736,1.6261446721161,2.2412713205274,0.873553727052255,1.05540955571329,0.0307142950975782,0.344197631514869,-0.153795205778872,0.035833448769073,0.608181268078069,0.00281059907251387,-2.2769652220484,-0.912051037367762,1.43589931387491,-1.21592429360798,1.25135534825546,-0.70900278141998,0.188427426075498,0.0963199551031272,-0.204685786985953,1.20879485134971,-1.4774401838669,-0.545805586495566,1.29144532846429,-0.564877221805573,-0.16380721794369,1.46965955160931,0.339406126849858,-0.0738897263956908,0.375623829587772
"S052",-2.46873537895614,-0.721667045888268,-0.422153798807948,-0.506881964337825,-1.03968211700105,-1.16573171695006,-1.53059370958736,-0.201756803982653,-0.720646945988566,-1.24214014975211,-1.3978743283599,-1.39228534876163,-0.78797555716805,-0.238131780304752,-0.969787750813091,0.703860871120117,2.25432247940363,-0.759475722735265,0.96865044851701,-0.23988707469381,1.37901259796486,-0.404697783352888,0.000404466349901149,1.40719976500362,0.804435073331431,0.227349435477037,-1.51940661485027,-0.663400161588027,-0.902697587466814,-0.633229401146558,-1.24491642545749,-0.154186989633232,0.281536492448474,1.184936733833,0.1555397156174,0.833282876076973,-0.642484763586278,0.570995384542481,-0.758826978339282,-0.953666872003072,-1.31771504314833,-1.59304111501684,-0.971398491491089,-0.871531688492668,-0.535751598745318,0.649345235162704,-0.254959341037746,-1.4401222044319,-0.865796078433698,-1.81129470037497,1.59043199679673,-0.666459424428849,0.808936315814682,0.726606106472308,1.29201084869131,0.454899411122667,0.190179235484899,0.55487475695647,0.288417101465123,1.58377753919154
"S053",-1.23313914328305,-0.419774542449416,-1.22066559798558,0.0400953264949479,-1.16125515538776,0.204360392012009,-0.20123266785623,-0.124009645089046,-0.21281045616037,2.26640431686003,-0.963226845883069,-0.755868436677316,-0.087421496282321,0.331683591285396,-0.223488385563354,1.3699942578936,-0.34908972577615,1.69251692679837,1.74549761711499,0.954626822153277,-0.179131445331096,-0.126616093671133,-0.677430338629204,-1.26380588617396,1.31920352883833,-0.485030337586414,-0.553394186769361,-0.804777635279541,-0.449695621381438,-0.25667115444906,-0.118141886044957,-0.222803830973174,1.19167160201176,-0.996581287500825,0.171657779629299,1.75122824837483,0.0475719317483655,-1.92192933727673,0.967841307354709,0.293792244143797,0.326075960665076,0.368063957772315,-0.0477049585307651,0.046472346677382,0.436389371801954,0.409377934235034,-1.12805824087741,-1.29990783645455,0.225443377187474,-1.37821763914512,0.819488586106814,1.54963046495992,0.380659828236455,-0.338235296910397,-1.65702109786215,1.08010202072089,-0.54478537498659,1.24616980721234,-0.201721424313661,-0.0980390092302924
"S054",0.838275876321492,0.13392696716262,-0.951360482556937,0.714992342662878,0.858361934709673,-0.0775248779757794,0.581736169863657,-0.902682096875527,-0.950945456487642,0.490397205202261,0.288299199593471,0.937083370412724,-1.21523514262177,0.179036254267624,0.775856708125074,0.432573684822066,0.581802701477285,-0.9401054534295,-0.337786283701197,1.59349680189517,1.20227110130401,1.1109745866276,-1.07417778346451,-1.13136918310168,1.01468573172189,-0.579700989311263,0.144965066984086,-2.6132981789423,-1.07808630769928,0.380826653567015,-3.09461252613994,-2.63533137231558,-0.263783719927912,-1.75792913298608,-1.7240819875872,-0.354047520416403,-1.454098539559,0.824384181164395,-0.15031186272956,-0.263461861854621,-1.10348851152855,-0.173636342496538,0.750017367916977,0.300355451976393,0.202352476706408,-1.12222010202645,-1.32890851567243,-1.9213345709452,0.424341087704209,-1.8996998255992,0.705345098226928,0.0266101286683115,-1.73716757021895,-0.370712910680031,-1.51403313232103,0.037777154062589,-0.629733097873476,0.425608423645608,-0.325802063185506,0.33335882536953
"S055",2.61848495424484,-0.292403930074327,0.293674442601725,-0.601909348095485,1.4813039306616,1.83094186731856,0.209307629548835,-1.05453671592076,1.2548534404028,-0.392700177641333,1.07238280017888,1.6486908247649,0.866643470890161,-0.106030110658549,0.802025348292579,-1.01860712922645,-0.982022798871653,-3.66922375841466,-0.845238240472745,-1.50738640569952,-0.287566211780989,-0.396897050525402,-1.15649034184129,0.433959903645298,-1.28010948046595,1.21509947472432,1.56042851007089,0.125281422847822,1.62293899088727,0.449469988862712,1.54027013258826,1.09018369073275,1.79767194846247,1.17228795455189,-0.0657281308291538,0.882862251729544,1.22680791817497,1.81289495611742,1.44282493031344,-0.302617366587806,1.08034714830066,0.0980842459762196,2.01721751396826,1.93204615369641,0.981458582163536,-1.47824470220753,1.00035335572152,-0.368612233983808,0.325740871831393,0.608229805610003,-0.0491461321989053,-0.489596410673336,-1.07778265962258,0.311980470840183,0.765065990944463,-0.0914780219174085,1.47205170926244,-0.156811014720972,1.16802395248189,2.31052994242538
"S056",-0.567488224739413,-0.762469492076605,0.0617512658361221,-1.36133568108205,-1.92427364893039,-0.581036335623217,-0.53076810277882,-1.48773981086446,0.321547184193299,-0.842880576759129,-0.249768461592764,-0.81607120454361,0.635269425434298,-0.421218023071309,0.46421852831487,-0.33401981412416,0.253203764557097,0.477209736414234,1.66289064760945,0.367340557726938,-0.266044944956942,0.357668107592411,0.323009093716669,0.729376489324522,0.288287709878819,1.40167065288253,0.22212110565786,0.0972448343950226,-1.04772210378628,0.154864525497558,-0.477431697459596,1.30870805346254,0.679437530750939,-0.282322232068254,-0.0979752427459408,-0.0526165108155092,0.21587899546114,-0.125858861154495,1.09035153485616,0.563144143366867,1.25053589328648,-1.51929936105012,0.398987458661811,-0.892966863056239,0.42058052280994,-0.20252793742693,0.454024134161637,-0.00339564408030696,-1.39981196568898,0.189275659282403,-1.45796712611346,-1.55940792187212,-0.102989902510614,-0.893654085306245,0.0187377265847198,-0.0965945072746988,-0.0128213887333808,0.520109250305939,-1.55801053249582,-0.466517067108382
"S057",0.430232896214255,-1.4051791627195,-0.161480197160581,1.93568408546453,-0.0190202717689478,-1.37539713669561,-0.635674520184409,-0.686868021250004,-1.76743525092392,-1.18136127295826,-1.63877939805129,0.322864744876478,-2.02444280679622,-0.0286749491404943,-1.76775069587294,0.435617719757889,-0.621710275801801,1.32788121534617,1.14111344374366,2.09863159594385,-0.458064423732073,0.967824819699464,0.0126032218042484,-0.363075540400606,0.780726523640736,0.23082365977201,-1.00723635240576,-0.0460439316076496,-1.55566492670636,0.268588425352545,-0.402604113989886,0.0262395915665073,-1.00321319064394,1.12807099487258,-0.544324023151254,-0.285737130051971,-0.473264602554756,1.02036121543481,-0.883081126907821,0.584942860790099,0.545673268394177,0.0342774705630628,-1.08558651255365,-1.64678890345664,-2.9500005737554,1.03407680956664,-1.03701095495408,1.27897023513978,-1.29281450767173,0.243602391395241,-0.564075593326948,0.365404247463208,-0.524706688229231,0.7686766894669,-1.06753433418314,1.30023118395244,-0.672907292925609,0.119884426814973,0.841608699337943,-0.569073838630782
"S058",0.219019735474339,1.66130574111476,0.769918431865566,1.17026047081264,1.64146206506657,0.148356657771242,1.13736928328816,1.89170845535195,1.43898145115971,-0.628915304051389,-1.02242261938754,-0.87250218224436,-0.797865107502696,-0.178267345290223,-0.863812347412927,0.0835769526608678,1.29249526289104,1.37510043654556,0.336724352788292,-1.06426783394776,0.121688657605006,-0.429255332370246,-0.995429261640631,0.4319378244948,0.994700259382361,-0.764929252834341,0.427477490318089,0.684829108596058,-1.92569217529319,-0.216791535461066,0.359790881807494,0.92987502538056,0.506119273510203,-0.0169323790653729,0.153873040400861,-0.177745450126246,1.63000169595698,0.725095433169066,-1.01963029610909,0.153113073640808,0.837533682513792,0.588132304949369,2.08392323747189,-0.950627755021137,-0.165854271677599,1.45184586084939,1.16496399567833,-0.184239683016785,-0.175204306721619,1.16650788681825,-1.10079704881434,1.18440962893739,-1.65594356238371,-0.194472755998234,-1.0842179455201,-1.64130627717064,0.716985878656055,1.6237032597523,-0.507350958682637,-0.280818430635376
"S059",1.49066319362473,-0.356186183099932,-0.317129900710082,-0.471002607153761,0.0298952193512857,-0.633294232572636,-0.670068477954255,0.339829913303732,0.38051630351913,-0.182255331430935,0.898030914096236,-0.710670923434756,0.312030988957929,0.971986162229064,0.441489738314422,-0.299276943019262,-0.0564992124513377,-0.762250585174719,0.334844340394728,-0.520605786713162,-0.148560795476853,0.340997452254122,0.304322299937585,1.12791176010353,2.07236792998019,-0.0547586134330136,-0.459610324584255,-0.0892359658017601,-1.09807004385438,-0.942100825384329,-1.14889976972984,0.145073066183373,0.789433486669724,-0.302077373997967,-0.813164443312369,-0.0312692391569807,0.961693710753471,-0.256868822107914,1.37460674720135,-0.277453960905054,0.696850698934044,1.27935040548648,0.599502852710162,0.285871476279218,0.354024610314929,1.08137771428655,1.17395055064672,2.08350692213024,0.941418645440091,-0.824276576678427,-0.441248199691985,0.809909631682334,1.38378309491691,-0.135919778202145,-1.57697447953483,-0.305325919538415,-1.41216420752993,-0.224986386317016,-1.09821265589777,1.30387697405133
"S060",0.866350074008963,-1.36716924984394,0.00675392331610135,0.293109271328004,0.143872706278429,0.412683273456032,0.0717459941004544,0.619927659281625,0.0350150709680802,0.12122035705261,0.475296261329626,1.33810870208772,0.354967350181863,0.686650199545961,0.745081415025917,-1.00643349853663,-0.828970818973547,-0.870753909184983,-0.515457097677344,-0.704721346556178,1.29708378794447,0.231982694030833,0.511881138742307,-0.640886836484784,0.650282537571775,-1.64889735659728,-0.397018038683573,1.16692658009975,-1.4984148000221,0.281158060595582,-0.161643426358077,-1.8857385145454,-1.02541513893669,-0.157088632160691,-0.31363994198109,-0.312703901876065,-2.61026206771143,-0.911310124880026,-0.765287444792289,-0.333540655355621,1.49559922765992,0.159242116558381,0.0705432372015237,1.37526597157382,-0.412179270610395,-0.799448253774983,-0.679049187410846,-0.294418544144118,1.41951733901331,0.431902689090538,-0.763217634288263,-0.514137522216169,-0.287437081591338,0.850764812874179,-0.725930094138802,0.368830570713667,0.0941864506546338,-1.57331740362329,0.922408454529082,-0.498310456348204
"S061",-0.493104022619189,-0.996206926662247,0.575218900357321,-0.81760225760517,0.60504045071189,0.606137133876859,0.772520580802583,-1.89641425653273,-0.667840122949259,-1.56709430579012,0.281444976349217,1.73389410144736,0.483532374327647,1.00945289532889,-0.0525463995994318,1.69874064021879,-0.168888329104482,0.142929282280864,-0.420095683384067,-0.877869111567688,0.378041251902527,0.497097807168907,0.321518447802325,0.671962549475153,1.0839323220273,-0.614784070490891,0.252171403642105,-1.0910235441269,-2.26544853509082,-1.87194517652701,1.31578376106125,-0.496470978577995,0.764726570370295,-1.94314671298613,0.274523277815334,-0.695845258157015,-0.316046989534635,-1.07324034614714,0.599316063411081,-0.436411279687066,-0.5257435798774,-0.29553397227055,-2.17259448020947,0.464038446951034,0.136720686427042,-3.48377923834058,-0.644553865614369,0.258339090465672,-0.46682670273594,0.94608143673595,-0.966924326118298,-1.0155011604932,-1.07973217425025,-1.34404905854369,-0.948465920685471,-0.373897542889302,-1.25942795672187,-1.39118314906787,-1.5890876565976,-1.00265633638156
"S062",1.04299586227207,0.576792498926833,2.01096024080582,0.294925084028326,0.0768281251959887,-0.281752459278174,0.447043703180023,2.36950968101936,1.03965638896334,0.844879359497749,0.886208567969326,0.677721681135569,0.33360261187167,0.336110513980683,1.0751860667078,-2.45125781466288,-0.483979965787136,-0.341306376711343,-1.81535149531519,-0.289717694190253,-1.75052455496208,-0.945005818156543,-1.24992999483546,-0.336132115791684,-1.27788721691836,0.216365454500652,1.75754770316795,0.649659157678578,1.07446998744379,-1.788913177508,0.8142903534474,0.851053969188948,-0.486267830367126,-0.914902834106414,0.578460535211626,-0.172889269581502,-0.933715254325009,-0.572012739819884,-0.855314910180696,0.293338205764454,-0.966754605445182,0.493425198036472,1.84772424842195,0.163193977595951,0.119562333862367,-0.120758176384992,0.450555094602085,0.943146239712969,-1.28747705750078,0.696782419882712,-0.128439653879608,0.529366344684934,1.45490844045197,1.85890989599251,2.7445974000365,-0.211020123860752,1.26243183634269,1.71752988666888,0.768939447945713,0.55317270086318
"S063",-0.243740642383993,0.0230516845281225,-0.577409213382712,-0.0830040874186391,-0.95646529308651,1.53436260582096,-2.14888763409059,-0.502111186505049,-0.0616372514539698,-1.85678609053551,0.996349425750801,0.437854336045466,-0.309077129491496,0.791772196481263,-0.53959289583097,1.31708919056574,0.956978890030205,1.5455054070472,-0.503667019797596,-0.414819807887403,1.43748348557976,-0.0509899247165001,1.53027583591893,-0.16092330562299,1.01368056337311,1.10434352801276,1.04284114769059,0.61302280330098,-0.161824461230818,-1.2815494302539,0.884194492238348,-0.899507488655703,0.00369739953197774,-1.07687000461972,-0.421382954374048,-0.689121270383175,-0.379812167722126,0.998481022828027,-0.593621763462411,0.0659525944903486,0.0241412376068776,-0.117901066304282,0.72817247688139,0.295144142177163,0.885922390338188,0.0471022272068247,1.00863070555717,1.34225593312749,-1.46483428518785,-0.716486163743952,-0.413261685687892,-1.05755217877687,0.563708917225777,-0.554308346796545,0.861209813883138,0.479009362244062,-0.361383839948887,0.775991631845146,1.39346451071782,0.485205976732998
"S064",1.80510985236851,2.12754452880405,0.223326100111467,2.24843961900303,2.15505102755297,1.8137716366613,1.39703245848055,1.95668968026385,1.59012788481724,1.85410338272712,1.86908335699375,1.29549008302957,1.45910869696527,1.56990789984611,1.11307651077938,0.169293421046236,-1.20048260907731,-0.740130294698193,-2.64039664626905,-0.534501915951007,-2.60529792251763,-1.63988624479254,-0.146761152252442,-1.11261577697157,-1.00759098323285,0.427258934025902,-0.20550169368296,-0.204365503472602,0.541604665657959,1.27936761296975,-0.966345719706423,-2.09026771930097,-0.979308244079224,-2.54161095751583,-0.242513867790752,-1.91095476429617,-1.76761700805877,-1.23204316132216,-0.727193928868299,0.351002966651053,0.47079145402859,0.961969012069985,0.715342472133784,-0.771784352984387,0.679503205613141,-0.527372695681988,-0.778514003423172,-0.294515429620244,-1.6214912597432,-1.71538335006337,2.38019288421341,0.346570539450781,1.13312146796233,0.296577791178127,0.373225287888516,-1.47984371497037,0.575833718273057,0.483211980245498,-0.621431424371,0.576908822093183
"S065",1.49787221604661,-0.813567897280558,1.32135286888103,-0.342941108385156,0.732569130389658,-0.0264356741054477,0.680969996068201,-0.373313222145445,-0.133490896128189,0.738681239519078,0.672925113736854,-1.75367820393335,-0.470085681831501,-0.584727700286929,0.28263934857605,-1.3455323988107,-2.38063465344058,0.588132407396505,-0.746370905023731,-0.0284347604703607,-0.254839012525798,-0.801640975467346,1.10194799305915,-1.45270636942881,-1.28894540157135,2.74070644261632,0.722366022777949,2.00532947898365,1.38099587129758,0.570754907976723,-0.139801274152983,1.48416371568719,0.37833290452354,-1.09811537979794,0.67745880891015,1.63163946477066,0.558029063549286,1.13541641970606,2.26860196684172,-0.532414608722291,-1.17894829219301,0.965121850552983,0.404974389061308,2.62831439498188,-0.660827675910732,0.76074117477468,-0.0936592943263134,2.29514254193579,0.125461108909428,0.474225359771052,-0.597425354333408,0.828703104189101,-0.82898200381526,-0.868144413552305,0.531127665883632,0.597586438510735,0.0910810623197356,0.468576586378156,-0.10993038794848,-0.287769092114068
"S066",0.644676043290655,0.838697873834157,-0.591060097712329,1.04324810691429,-0.952593198664913,-0.640720553854023,0.767243731593304,-0.861770792877637,0.697820413396118,-1.57256061574856,0.067476882081233,0.972297234624425,-1.4185654829905,-0.405774912372475,-1.22537465002783,-1.25901858898485,0.389119749080809,0.662512515817292,-0.644128256657829,0.590149956857443,-0.388414842348581,-0.445012606311652,3.03047117360709,0.209999416859226,2.32311129901489,-1.50251435445543,2.1385536315708,-0.227642700649537,-0.475430624601686,-0.270311346603983,0.277436231646277,-1.45515952198577,-1.49641771131352,0.490668845506068,0.331176580654149,0.208744477941312,-0.592313109753484,0.573692129398899,2.0341556617683,1.13642761090358,-0.991246050164717,-1.23396253895273,-1.14835304903438,1.42810338123686,-0.894541435187075,0.0763958010288772,-0.528422495465717,-0.528741037109205,0.720591035625513,1.1642593509139,0.521135010723431,-0.91663089544631,-0.803305675937901,1.36541315966476,0.45804367672968,0.963114296878879,-0.131330905326249,-0.493769529225416,0.966146384833286,-0.21245438284255
"S067",-0.188479365829522,-1.64063050432144,-0.739040950731597,-2.07388637517314,-1.61484125466448,0.509059497467566,1.32281530693479,0.288553803870169,-0.733887773623746,0.501315589993321,0.173317374007395,1.11809746658853,-0.714099864926429,1.16590463976857,2.02243532827455,-0.859623965198129,-0.44054281865073,1.08892696313957,-0.0254643695681983,-1.39238766632218,0.217250785890987,0.0740625994448589,-0.254962232417819,0.608043939230502,-0.723395232007249,1.05366863067307,1.79726816691835,0.350336397678229,-0.96185662779369,1.40437886322902,0.569518560340428,0.427411305525497,-0.432085760441815,-0.145756227978496,-0.442266402935433,-0.495863454068489,0.441537058874846,-0.965695149716103,0.508908958034173,0.573777403894906,0.544290847110099,2.05650661154169,0.798425045269912,1.08569641759442,-0.44166032629638,1.50168092041343,0.72999630321883,-0.772761185850258,0.378706310323196,-0.480167723688469,-0.31396080660515,-0.51133433495801,-1.39533834238296,-0.162294335968754,-2.27520762850977,-0.504152985055499,-1.62319610284483,-0.211204855806331,-0.0992520597125273,0.494509750215092
"S068",-0.237094479126768,0.89656913935626,0.425320938099279,0.794749671857157,0.462627137582908,-1.23126101103748,1.84453336957497,0.115105687191329,1.07962844424463,-1.2533760618403,0.802078074028883,-0.949527245706004,-0.490762523265729,-0.00494444216275941,-0.307182020382756,-2.10438530480156,-0.95668068500678,-1.49677784441452,0.373758551826513,-0.0613630107226799,0.678918782687262,0.2617121556871,-1.54244463968514,-1.27548392552969,1.14604537906641,-1.16056283033042,-1.12667291105765,1.18936467356659,0.624433069484739,0.115797309763849,-0.103513705284937,0.222588001250796,0.873249340817724,0.172653998746883,0.40495585590341,-0.775422201256877,0.732324667467381,0.00975784176498177,-0.145957253201342,-0.052316617634573,-1.91903855730239,0.538779466295666,1.14811563329347,1.21093442994932,-1.1471632138743,-1.10207974220003,0.786856943340031,0.0540747262372356,0.260317767688548,-0.194880053694187,-1.97562886582751,1.38765561540946,1.14650201907883,1.8992357568303,-0.0151895507876642,0.639832097523293,-0.851698087297769,-0.368837407528621,0.951949378593493,0.15300179455157
"S069",-0.885066673095816,-0.157205344550694,0.353507950851528,-0.183155071441171,0.209779557578543,1.45587346050206,0.980686165649539,0.642529931106962,1.48680053741814,0.208970887142205,0.855439017834447,1.7493427906135,-1.39016836638162,-0.234167064333852,-0.509386806049863,-0.305140804488586,0.837295543414227,0.551187265978605,0.786184442886739,0.710396889151237,-1.12062170263005,0.912459501222518,-0.353302213183788,-0.890125544320744,-1.74810434784808,0.433145791557102,1.04900403527328,-0.836778159036605,-1.42800393433398,0.439079734613206,-0.0980521635275462,1.70829591230337,0.973427734918637,0.866312959600896,0.315459378999386,0.846956033977836,-0.155043132441747,-0.445022796177677,-0.795451420683368,0.427771225009263,1.13140102350393,0.478069680650224,-1.10362386864402,0.149503868973574,1.21968115195373,0.591447927259559,-1.86364417856448,0.659514877786544,-0.898809764622742,0.182598212317941,-0.315080974761015,-0.240072479051753,0.558884777623636,1.12115353415029,2.04297711274344,0.206098429694731,1.41566915659938,-0.48789773779114,-0.407849079074511,-0.459147072405994
"S070",0.606453226866011,-0.349765223329928,-0.10380328092031,2.15967564883381,1.00048106855454,-0.941598391074732,0.836978139177603,0.866649943379624,-1.41940152327813,1.16378780569774,1.12418370760684,0.563720184498519,0.301055700468375,1.03611427212545,-1.27128882994966,1.63000284322354,1.09543701493312,1.41982734258153,0.356714625234956,-0.452378049603675,1.88366865282163,-0.705810100962333,-0.499073439248025,0.622957334403509,-0.827621493128091,0.13883077317189,0.134517499899979,-0.298396989020623,-1.26023545445411,2.23805392655935,-0.600535264884307,-0.837346305952521,0.217780685593002,1.15450785240284,-0.231601849381158,-1.97107051743585,-0.16260725578358,0.439768295809891,1.22012986661205,-0.0400037861012404,0.2542073278857,0.555852803724233,0.976133783543483,0.518385777279619,-0.110632496414598,0.081768036226931,-0.803765033698352,0.208836595676563,-1.73627554044132,1.04121889345956,1.3483331335245,0.057237055865237,-0.0894758022413701,-0.506069099966997,0.902143651482373,-0.753154656730056,-1.42486702176284,0.356477372722744,0.161467164098402,1.36081376221306
"S071",-0.292431499757297,0.936883877124493,-0.549013274850796,1.41933249010259,-0.0939424559474784,0.045102051847448,0.687629968742778,1.17169945656373,-0.0258913317764541,0.256112316599028,0.222231810221726,0.482439698383309,3.42228498557291,-1.88104168751979,-0.354651761007342,0.336696210893938,1.24459535270953,-1.95443102915021,-0.806185876675965,-0.468248650214641,-0.570891236438238,-1.11544142029836,0.44462813778364,0.436852841020939,0.0911136432095539,-1.66633576013202,0.631887520826661,0.769051422953687,-1.19939806474633,0.849167987814366,1.65147331540268,-1.78479686601032,-0.267319991073291,-0.876635094378844,-0.939959395002052,-0.112813855798557,0.434737282284197,0.184652430830316,1.67812150378816,-1.19585537585952,-1.24231709131157,0.393752357831474,-1.07712519765975,0.189327266688958,1.08820496422054,0.562777841465032,-0.392220258501633,0.552872236061728,-0.917241590675626,0.549201127703014,0.675067819177933,0.562737826655244,2.40874523364636,-0.439306670729567,-0.201315823082172,-0.20961391789984,-0.356388491581501,-1.15160323765341,-0.0339057944745409,-0.227685955404332
"S072",-0.58277500069431,0.73122809336022,-1.59000578228302,-0.778957473095864,-0.106281249564175,-0.229158674252035,-0.888840168083669,1.07378898410674,0.0153002055030643,-0.720395182482601,1.15402250322759,-0.864979462996764,-0.228667910670833,-0.607190113877498,-0.428303936131277,0.72497311188139,-0.19443475152836,-1.78326292772488,-0.605569737659431,-0.861432517897548,-1.3955526041871,-0.642266105140165,0.804510163943567,0.793379724631402,0.553825574187333,0.579924321363584,-0.89294101962851,1.30612571751809,0.595335816146573,1.21511811331227,-0.373423482341997,0.834073159718473,-0.668992154378397,1.75144384703363,0.0914274222558832,-0.117393253187612,0.178409069872819,0.491749894892033,0.5597540215518,-0.741225843550491,0.688167317889904,0.728181588442548,-0.366352956779555,-0.940094717657019,0.367657090110716,0.121811276925396,0.191732380860831,-0.661649442847005,-0.404023277387483,0.0114762863758157,0.804820693453782,-0.271065243626638,1.49839351400368,-0.0410728404097149,0.591469031696897,0.877928039603,2.17237444864439,1.26908355886599,-0.68734357598855,0.538877837920184
"S073",0.444254989546131,-0.412582490092334,-0.226223784692438,1.09109350095349,-1.02521872422638,1.39639865514239,-0.662290808548721,0.78979173446522,-1.20520436927643,-0.382920232856926,0.482682480529784,-0.785646709387952,-1.4008980270893,-0.728646819146795,-1.19529944038861,0.941439802157029,1.30651947353872,-1.25755387939311,-0.104851751335934,1.16469132391097,-0.903002307723167,0.807343183786183,0.595066217340787,0.899517328389494,-0.814302120388973,-0.814211443069884,0.19592095311868,1.1000352508966,-0.285520961931611,0.192965896021716,0.207762961074459,0.84633829288245,-0.18475653336063,0.621812532885109,0.126023284232609,0.699184996801344,0.488322014729451,-0.66299285587495,1.54031908346047,0.247459870894746,-0.393788953266437,-0.990577003722037,-0.645617194435787,0.145472591431883,-0.63753104705822,-0.132852209788939,-0.209261855523578,-0.630849519353731,0.333547295466611,-0.834187763150724,-1.02745609980768,-0.0950774578253666,0.433951188932697,-0.726283959321837,0.652043830083588,1.65714528198746,-1.28083994728516,1.84470774607536,-0.821796812133275,1.61609797592298
"S074",0.992279903492028,0.123674049832443,1.24559634095643,-0.799618046696836,-0.795027092506989,-1.1556283657263,0.667025902647776,0.183238430797668,0.53875649681441,0.99748613656077,1.47576559815219,0.75577580596236,-0.291616690107161,-1.9736678443246,-1.91148114128788,-0.606721222945316,0.45433485266942,1.82858782098408,-0.218246484761486,0.797226094785062,1.14543771070422,-0.54854086884595,1.32991601394351,0.9607370849468,-0.739934792920742,-1.81132371994218,0.358081332160881,0.211980293224452,0.0640700590048039,-0.281666630783504,-0.716123617637247,0.0455015268991873,-0.823837756624634,-0.118943263442036,0.903074369697727,-1.5054001009586,-1.02372038711146,-1.23906521873644,-1.56860362481197,-1.02692194249002,0.191670100357729,-0.516665401450998,0.147378264761107,-1.49223541265676,-0.370103808184115,-0.703115844386587,1.58986762787936,0.248912406344356,0.57666685639364,-0.418265533241834,-0.885587865920529,-1.08492108463242,-2.04024918339483,-1.71908075762769,-0.473002465363058,-1.19445847051628,-1.61181450911087,-0.275358604663129,-0.115404917740415,-1.3525637341551
"S075",-0.633920706892314,1.69629157797339,0.582768989739307,-0.073410777678326,2.26196699538013,0.843177643859048,1.17330391678016,0.626962840521064,0.822734258938622,2.09407008512757,1.496272707837,0.145432560231006,1.91768502296855,-0.281385023450795,-0.0861677648720707,-0.743033798364908,-0.92246600435541,0.629243927203166,-0.585491109649531,-1.45603065534607,-0.197007323080119,0.691326085260164,-1.247324566973,-0.507648732713949,0.519355386065489,-0.602781876370381,-0.813657083282985,1.08501409948607,-0.635488376551414,-1.25581055332615,-0.487033016859629,-0.352192497229226,0.002948949709166,-0.149813049879873,-0.313242452535109,-1.11521642666816,0.488605294023176,-1.00276907271871,-0.575806190967853,0.113723835284145,0.351524130452138,0.651219908462635,0.106660576666206,0.127596527745305,2.20553784165666,1.64663565054629,1.07106632572029,0.620492709284137,1.4572723084656,1.90828079802541,0.0810447294423428,-1.33253394125654,-0.590933294859902,-0.755520510465429,-0.414094804668213,-0.0281032018108151,-0.60487619033697,0.0431085665423972,1.15712899954949,-0.726323326609282
"S076",-1.14447686308788,-0.909426247833221,1.0840502527887,0.649451375148355,-0.968929929890228,-0.709927593896179,0.0177082101595629,-0.978682368215195,0.317297831691758,0.466016827777891,-0.332695979273848,0.90316565979646,-0.275496957127399,-0.219306226920438,0.76659786205367,0.496253458000655,-0.177012878832977,-0.153110681479369,0.353912987709894,-0.308570603656428,-0.1205371358441,0.98615563196976,0.658113108770627,-1.34763026684348,0.262011801140792,0.0754126973530515,-0.706524970710199,-0.526463003567533,-1.23344589721613,0.26964882811975,-0.275326996092084,0.366277106268162,-1.7679530118279,-1.41971533017939,-0.312411879315427,-1.36241903143271,-1.54216043974893,-0.711247519784583,-0.863496205432867,-1.63108043763132,-0.0680247610010235,-1.23249080924721,-0.500422653109665,0.0241210091076675,-0.164921028145808,0.542459592247514,-0.707935160001704,-1.69589879592856,0.10605832227455,1.54078105697167,-1.06284269837145,0.799461305169937,-1.13518180982347,-0.0309638402707185,-0.0830885691891748,-0.69575277297772,-0.149333466173593,-0.447805363549495,1.27472246117123,1.25691415996365
"S077",0.259450674320291,1.35995004040864,-1.38649980042426,-0.672041124414471,-0.668511193531861,-1.75484586278077,0.505338811666886,0.558890977113421,0.189377740667913,0.0266879907712588,0.857255484421201,0.173265332508677,0.397136026747377,-0.150130856722031,0.832284410717738,-1.50745045220874,1.01598427176197,0.0254042236724363,-1.66700528059357,0.370355443893286,0.172991768223603,0.898508002229203,0.484339226046538,-0.0260239031277581,-1.20335630284927,-1.48110704625931,-0.434869862312923,-1.54161758323926,-0.0571784075461156,-0.432140912967772,-0.553119640281299,0.370174442082992,-0.313389232807042,-0.400136520189651,-1.04465130897774,-0.698123730844676,0.476707476709312,-0.825485006809505,-0.951055065407663,0.265083240472458,-0.184108098907875,1.32279622594843,-1.38875776461842,-0.577607219737103,0.261694653920744,-0.245921178940915,-1.31911028645609,0.63169596893358,0.152225608720269,0.722675221211069,0.393414876184105,1.32155889174259,-0.736231037787112,-0.0477547710096679,0.680704216437804,-1.95747166243783,-0.0594262506596034,-0.0121835501381105,-0.0254463950522513,-0.803248401726485
"S078",-0.498366994307264,-0.618182857917882,1.43251822719933,0.0728995923206443,0.116300322656616,-1.19878128099133,0.427854137652037,-0.043988978417313,0.528687381511252,-1.42749435583597,-0.195047687647482,-0.16235246065033,0.585029124750096,0.873343595937321,0.520040178441355,-2.15193984853784,0.010248357719607,0.162265543052312,-0.0278573758200567,0.650451885721125,-0.662791548910001,0.636499096441808,-0.159287781032823,1.45464474358847,-1.25719982848744,0.414090110176865,-1.1060906027679,0.715367496970117,-2.15653683206771,-0.121232556757408,-0.553720331121002,0.690839610919886,-0.426660298163273,1.10279736127997,0.305004011718885,0.0649084644730682,0.521443712107967,-0.401322228783097,1.57369647697962,-0.134317917378398,-0.368477321530084,-1.19931133802169,-0.87870214298963,0.487344653668045,0.535332625319617,-0.128568653273134,-0.501083471454404,-0.16307188467579,0.885711982532797,1.49728038856061,-0.450954887221371,-0.0239426879939054,-0.869173804486493,0.16194776563107,-1.81061569352029,-0.490806719949295,-1.63151324955379,1.61172518597267,-1.99643410845715,-2.60897369674991
"S079",0.0970897168985137,-0.440567822818115,-1.59574923783732,-0.89034466755239,-0.331440925608043,-0.803846939462363,-1.00924888658956,1.72983395031028,-0.704264983447834,-0.250153506534157,-1.23594298946472,-1.49676229992145,-1.31869406139917,-0.382063329142265,-0.463873358689464,0.817098366604394,-0.796211479340318,0.511900330548771,2.18348652417342,-0.670460370279443,0.908292303171125,-0.0895944848570799,-0.528270674151404,-0.0712341635540228,-0.0977274768835741,-0.670562733179727,-1.07264335239847,-1.42729517336833,0.353562201931249,-0.762218595479251,-0.218965572545643,-1.47691474520052,-2.42479354880218,-0.0280454884351988,-0.540500058694173,-0.850274196564751,0.269849517901789,-1.73831631807307,1.46133000543289,-1.00586478778168,-0.339696948200454,-0.900651425453045,-0.352606430614261,-1.21830925343535,-0.311294504108905,-2.24449572509873,0.405813842160692,-1.43807041430132,-1.73852708854426,0.724748396537971,0.265768225274535,0.228232642706375,-0.11500161232684,0.169363137279998,1.22511429764406,1.54266023976843,0.321379295992492,0.54303287339262,0.278284158126526,0.0713348919527737
"S080",-0.321549323403533,0.298751333091379,-1.36096300566138,0.0129109263624518,-0.481542997081852,-1.69106670592889,0.5862938355196,-0.668990617018324,0.99802672367683,-1.1286943578145,0.830947177771817,0.570374043786601,-1.16142947513829,-0.478112979819289,1.15169684948696,0.488566774863012,-0.185239755868058,-0.438663750924586,-0.653569320641603,-1.54761608219307,0.0894263269116117,0.249846456771767,-0.671561990838033,-1.27305087462188,-0.339335577961508,0.798439243832574,1.91184350068555,-1.45256958381524,0.371579509918697,0.929665431033204,0.504759321143085,0.558970234948426,-0.599190138773015,-0.730191031822111,1.58202119093888,2.23662993300874,0.465071791716397,-0.299627136195321,0.866058250261641,0.0373066226681556,0.970195324063015,-0.749004741996375,1.55250396135055,-0.724445419078315,1.15017040529142,-0.0149487719322236,0.44839951743054,-2.11860539963846,0.927015905184624,0.54895348459573,1.44652169315979,0.305663032266501,0.368909955540191,0.103964736840428,0.289328884149819,0.532191041597582,-1.29056969189503,0.569703420907935,3.22416082279907,0.773756301681835
"S081",1.00912822864855,1.14339541340826,0.281471412032448,-0.194295594026722,1.59900826242933,1.1622575866267,1.03152811202004,0.183903586365702,0.420614321178563,0.332358094729308,0.363752240570964,0.255877793881079,1.27652960661754,0.768344409967368,1.37512794214172,-0.204134496039345,-1.49178866064893,-3.21610139131513,-1.35916881984642,-0.934970968420532,-0.745583300563625,1.11744562208743,-1.52994775930399,-0.859248411070941,-1.96347742840809,-0.508029923808583,1.41569152596651,-0.859309492225802,1.14645649583524,1.5302176332806,1.60100431790429,1.81308748442428,1.62692973725278,0.956438355460336,0.460796203699581,0.457142347387764,0.878765842971683,0.279754036561755,0.170222537390594,2.5292582978396,-1.65840843248004,3.13060548326975,0.214898536101013,0.303314926574413,1.55187257885628,-1.13879515896341,0.869498310831686,0.258163656123297,0.786891005343434,-1.82382954488241,-0.797947530922322,-0.0929616444241032,2.08106269636669,1.84072783206329,0.385691968376742,0.766025722821488,0.649098921559274,-0.157820534381277,0.714088506639329,0.903133432209933
"S082",0.887380949455412,0.143861061972746,2.54847200346654,0.736957733383785,0.0329909063611706,-1.50929466747893,-0.651606001195996,0.542765880167379,-1.69899400667733,-0.138305795309391,0.112956422819349,-0.451351737494719,-0.885369717983815,-0.379847706180598,0.148063370457304,-0.0325336916114888,0.0755943372084591,-0.306441486570881,-1.28085731058622,0.595903791505765,0.768958357335519,-1.4059525129681,1.18195516424007,0.421107314220104,1.06396537810601,-0.706187674406377,-0.586206513628627,0.00638522220965032,-0.749955242547528,0.511513241960518,0.633441342957703,-1.0760295261381,-2.00321577447302,-0.353898965769795,-2.49404655421589,0.702864972063595,0.877493557062513,0.748942663902439,0.622010635048177,-0.233376094569424,0.652494959862175,-0.881004683085606,-0.279875853850026,-0.175500854466268,-1.2855350550046,1.16154314218722,0.52408014490692,-0.547865929034209,-0.664550598384689,-0.913718310304516,1.09387489484856,-0.168931765406801,0.104358239267308,0.811385576713856,-0.157254069133255,0.808492536547087,-0.365600780483401,1.10288108954858,0.930888803138564,1.89076378348657
"S083",-1.0528975612222,1.88795303109347,-0.897021381970036,-1.52903847949912,-1.89141629589727,-0.319300202967913,-0.137805685282507,-1.29541797926482,-0.757611147903808,-0.302959092648647,-0.302852842168548,-1.8923223562471,0.490775921613998,-0.542328376624247,-0.408954202441029,0.236507199570236,0.174619136641678,1.42214872086592,0.270350583341933,-0.53600747734242,0.0959652095944773,2.44662745951628,-0.309181924178874,0.164838947410227,-0.394708110220984,-0.361651333344809,1.17062172660895,-1.02934229666616,0.115565403810571,1.83013841674247,0.299226188971778,-0.55501456707343,-1.57578544827664,-1.11258506878367,-0.199583714985443,0.886544341683376,-0.188839806538342,2.43249938914916,-0.203919654319806,-0.434294009796748,0.477753151186429,0.627035398376857,-2.06545456867822,-0.877962748851374,-0.176091741641442,-1.26218785985561,-1.37335292093164,0.230228238101365,-1.29275207206466,0.372752128696731,0.450109637995,-0.160303449012761,-1.18097620944799,-2.59104351488425,0.986893448123282,-0.382315168730869,0.757052277617502,-0.193448526555258,0.40413637777656,0.0143205004552566
"S084",-0.684461488943483,0.171564553725069,-0.582653766246308,-0.379030515057105,-0.672714625626533,-1.48277372557421,-1.1758204885869,0.544784869189337,-1.98742038529014,-0.758752037239649,0.691594127245474,-0.593575465642415,0.421488091351846,0.0572947080929158,-1.01299055252183,0.467582363467193,0.98653949229014,0.846516765508573,0.579095343769344,1.54676596133797,0.491948088692597,0.511069501588761,1.53014766151458,0.516851526343871,0.802141117114013,1.79607083950555,1.19651431713556,1.03220852660384,-0.661495267826176,0.163082625023658,1.10113787779099,0.656466650686136,-0.621515140171591,0.763729634125658,0.926803845588277,1.4327199660224,0.335351233573182,-0.83793449073282,-0.686053659724863,0.129188878462717,0.130480207364804,-0.541000160651657,-0.396404885255838,0.447630426433705,1.8093756339286,0.558949794317412,0.959696607731693,-0.345462519682739,-0.765317072462666,1.01548746377086,-0.112731051374465,-0.552375754736896,0.492464722272361,-0.0567188669633452,-0.800235078316814,-1.05064232393728,1.40809935773372,-0.796923658016016,0.534712049740806,-0.0968998374726617
"S085",-1.74345367701246,0.680178147178294,1.15548356222482,1.00082582024418,0.216782144395684,-0.325072851232495,-1.92566860060771,1.07876473796887,-0.470823726277075,-0.860095199383719,1.37555412115981,-0.230247417120819,-1.14070080705242,-0.657746652487701,0.82395078619754,-0.330063421155178,-0.8720680146151,1.13513869023481,0.465405168182877,0.962877826684584,-0.787916959069877,-1.26847298837839,0.72494279892526,2.0040242115836,-0.173301866594071,0.812399655096434,0.536878711697408,-1.30595706932592,-0.113766824389246,0.395231115514557,-0.0506116335236994,-1.26360187137379,0.887906505300358,-0.28049320411336,1.11577472586776,-0.106898900170178,0.614123590983375,0.295958082561749,-0.123352708082828,0.0589805743426007,0.722966577103028,0.483848128357411,-1.04195188412047,0.63519155560447,-0.271505173710912,-1.01353209249727,-1.16455419178765,1.44579941900127,0.296871458155731,-0.634035938460044,0.614162509551851,-1.89385834384509,0.0336997316497229,0.213838928278411,0.255615773790622,0.200395796912113,-0.484507828917979,-2.26629935394952,-0.818536985800846,1.26132776104193
"S086",0.452597469374207,-0.790926274958393,-0.846700132415632,1.76340869465372,-0.523265219836083,0.286261672702181,-0.94961178139567,-0.640718449326981,-1.29647135764794,0.649011723101722,-2.00245901358086,0.514653328800323,0.400150682025088,-2.12317153826421,-1.52879140063883,1.22132646354693,0.856655918946426,0.0508672367594692,0.185400162806318,0.136605457189287,2.72405674601902,2.06867583668658,0.285883550503123,1.04310542381798,0.0976504785366091,-0.428198653099269,0.650535627737281,0.0662502350813652,-1.05255655441859,-0.285412585708728,-0.355561867402215,0.864198818420722,2.27728739386736,1.05768716423351,0.808384126723789,-0.0995589577064591,1.69477652809238,1.33118670777139,2.00191917364765,1.53912901450626,-0.924946973059985,0.21151904379736,-0.0668944280384324,0.275045100502824,0.298047538310594,0.344883627470282,-1.25970427553288,-1.159161185198,0.69786804179104,0.629476102141418,0.744525076401184,1.04258517680922,0.0732051576468294,-0.214624925681283,-0.0185373708791462,0.166002962680613,1.64092313566426,-0.266724610594164,0.836487569955209,0.156823036498864
"S087",-1.20711496797343,-0.408896723117278,1.3479315083808,0.0873350663105051,-0.660304957871947,0.849122121021253,0.439461726540261,-2.47733390188135,1.31433605340474,-1.23835805122893,0.640618613288116,-0.46497561533827,-0.125749168128342,1.38571083528833,1.47025631301337,0.382435649035506,1.09156546715973,0.467735737251774,0.0842773705323531,0.647115567209243,0.682003257315557,-1.7527853644592,-0.983310129316208,-0.279415610955028,-1.60792011580283,0.57994364774037,-2.01422455562298,0.149732111168434,-1.71606883725548,-0.140278634694827,-0.0723062909930951,-2.28544142560386,-0.444357644084903,-1.30008765302979,-1.16528566213566,-1.70682914967915,-0.161334378033383,-1.45712133545194,0.0427990382644376,-0.483136515447686,-1.86980027309938,-0.577086574691715,-0.217875535636221,-0.24439927823175,-2.91599348751995,-1.98370905451506,-1.70172348174689,-2.25473616243658,-2.18595892970795,-0.844234352247853,-1.25249105938809,0.330586409378596,1.50061062728485,0.0391823619078025,0.549434836568919,-0.167866923404587,-1.95893238241863,0.621490949937331,-0.111139644452083,-1.2096909729342
"S088",-0.543580768834986,-1.32902792818366,1.18713520946608,0.318741552177843,-1.44453106816999,-0.547472161570401,-0.21285014142314,0.559450100904958,-0.298701258894408,0.236366170391145,-1.08146444140891,-1.31627132606695,0.191529338555406,-1.0942600221455,-1.55960895156277,-0.166930132930713,-0.484086851815804,0.344814873953845,0.438799695988626,0.420982026322531,-1.03249160068373,1.04742767123187,-0.398240194277329,0.472324864840117,0.1096921974319,2.04859289888426,-0.0938063316431584,0.471958065856272,-0.754406314919175,0.272952713702808,1.30557402840632,0.862395784123336,0.13269834794277,0.935310522460155,1.45828461795586,-0.837373565535272,-0.7387563390232,0.526383979266561,-0.0897650428633835,1.56500321659476,0.984113112633288,0.886015808163916,0.441031210146196,-1.56244363481618,-0.647372835758647,-1.89359705431693,0.0250081724053218,-1.18291091990484,-0.186356346701196,-0.328271260791069,-0.983700563028222,0.604098768606433,-0.531623844155122,0.710737136554298,-1.1618699196424,-0.977925754944374,-0.429936266079159,1.0285089917131,-1.56985225020261,-1.35547627240453
"S089",1.1094045877733,-0.171795597437527,0.449549907459647,-0.534239548302957,0.896351217909748,0.352014594340666,0.462172347216032,1.77577277986024,0.488255358953155,0.253179765782762,0.198693434479978,1.53500892632851,0.0599835578508843,-0.781294181680504,-0.784329283259119,-1.02556843725897,1.14866963641982,-1.09896698926428,-0.359299577524415,0.0855822006808365,-0.288079287354368,-1.50807442196675,-0.482352854639286,0.975449209826721,-1.55509528700383,-0.268568320159471,-1.00801763824142,1.89714104689453,0.76435776970758,-1.11371837174537,-0.416923750243544,-0.634430133660234,0.0697772835776923,-1.1237460948739,0.575477702784985,0.111662635451646,0.813719481027288,0.936578727281768,-1.06330172738739,0.379440534986844,2.05956747952681,0.940358267293312,0.884200524771198,0.356773489549767,1.14430449877399,0.40263473328779,1.01818258410331,-1.01944490511444,1.08447000924789,2.02226069752795,0.114849064251956,1.143291563936,-0.881516505803127,0.0185446194945006,0.719479006290582,-0.308568614580308,0.839464300545692,0.106691669969494,0.0119306134368522,1.60783146041967
"S090",-0.403288925987144,-0.0405389036931549,-0.43291641662927,-0.63983509161336,0.83893913016287,1.53144883610297,-0.77919034266449,-0.255950805419352,-0.88452946805171,0.834816320255027,-0.190881402452554,-0.217452172176012,-0.801290504852775,0.546982106105669,-1.6625839178076,-0.291572421387996,-0.787572946831084,0.000346494518182465,-1.24405663148409,-2.10315298390616,0.578801483524122,-0.153770545313492,0.215989160144838,1.52132083057516,-0.575795302114923,-0.224200740231912,0.734506304277005,1.22189583105729,-0.292125791911176,0.388007613129969,-0.854536415946341,-0.341958675726948,-1.36665762621183,0.510358420034567,1.80415854846205,0.297227914812775,0.69301687666138,0.897776677538805,0.716127858236331,-0.397573284990126,-0.287417797233919,0.202601906245012,-1.32296181475751,-0.231666199019243,-0.601701402043321,0.507869794610181,-0.674074666496078,1.89883605698352,0.635819628385755,-0.823891357629226,-0.922391100763964,-0.0537244173568549,1.34669813201238,-0.733693977830071,-0.0170395840835523,0.089048535274678,0.267841012551513,1.20879269749476,1.38207227499555,0.0847699305875895
"S091",-1.07218839778046,0.136839205908689,-1.33156474235172,-0.687105466117273,0.0332884444975282,-0.51529743936058,-0.811462526080606,-0.164991576900207,-0.462542042728151,-0.984017949743985,-1.06200171672677,-1.42760140149612,0.217374408148812,1.83497993181817,-0.745164048582682,0.213928598572661,0.626570294270104,0.0120442256587116,2.76085257983992,0.0904572509915246,1.20275532528439,0.334860200328406,0.184068076534336,-0.271898690136861,0.0918681011734989,-0.380922365401889,-0.882076568301547,0.789838680910817,0.0552653009753896,0.357822676335164,-1.72410949569617,-0.325776504459173,-1.42485550698902,0.634752944983057,-1.1264990493221,-0.586527963959262,1.69187496806004,1.18680117883249,1.35354320723333,-0.377714791638184,-0.835375023969858,-0.435800388501229,1.31182412913778,-2.12407074789009,-1.12767015169213,-0.168074811438973,-0.853256008350758,-0.0762417854560983,-0.0572262472511085,-1.04542083037161,-2.44827370569039,-1.86913065386391,-1.13623789790459,-0.0722789115378681,-0.897999872531261,1.67745629740463,1.18912744929753,0.566737979342015,1.00496352297452,1.14969922570549
"S092",1.33764725317275,0.328090861703773,-0.383878981657036,-0.557456214506653,0.506955784389678,-0.277455424208422,-0.939558628791562,-1.14746522008044,0.809772619821067,0.806621400914017,-1.04454072269746,1.37753667496728,-1.27468354074152,-1.2018465492928,0.298919310901632,0.223269062457071,-0.288150990862384,0.545118303537234,0.298436882537712,-1.27370162091294,0.252357433842424,0.569683683884216,1.06329669594578,-0.0193923911678993,0.476197278796199,-1.06461237621348,0.647914927667919,1.24626434094034,1.22707604816533,1.14829387730638,2.03882807320237,-0.494070201736457,1.97845948617144,-0.474365047805249,-1.35893434166708,0.906499941258234,-0.049257284976504,-1.72469724600577,-0.707445548801174,0.116700302437055,-2.17459011611525,-0.334213962406609,-0.0278634319130725,1.31690451015225,-0.541316657817063,-0.342365650026598,1.49394490652132,-0.368516606289736,-1.06954748189245,0.426518741664919,0.384608976935162,0.817646124258553,2.4244021029953,-0.797625751384547,1.78809756974283,1.35451731496819,0.0371170230716641,0.589028742425393,1.24071670559852,0.336393924196297
"S093",-0.934283212119659,-0.0166336920360573,0.500875221222414,-0.469780583703985,0.566169595319699,2.01830296974492,0.370296686096737,0.224581750012004,-0.169078324914849,0.67164745164074,-0.207042720826448,-1.18296117820994,-1.68161770982522,-0.44513657932079,1.11550715363244,-1.59001287500797,0.799818896370756,-0.105424956823916,-0.920814475056735,-1.67017898120674,0.186775250128703,-1.2692178849968,-1.24334443405208,-1.30541166745575,-1.03675908896997,0.57861413246289,-0.783252588935188,-0.989230567875047,-0.0370410579261678,-0.341126166119177,0.950446612826409,0.835822742834741,1.29000752811996,-0.768308734101175,0.19334964492989,0.634804359705802,0.171606652320076,-0.577646247769946,1.41156662255121,0.571197920102237,-1.25898778866819,-1.74028064586412,0.606192608403527,-0.641884041203819,0.218263961516554,0.627123583154156,-0.350394677490488,-0.255008943666337,0.996511061380764,0.292944221821238,1.54029626880129,-0.475070835163915,0.704814223266218,-0.935584395676875,-0.26481363056206,-0.705607469694261,0.662505198376233,0.919109288330723,1.92276793673256,0.828816745603161
"S094",-1.19841820530312,1.11575467801953,-0.890875616603315,2.06652498867021,1.30321202084513,0.435506510604308,0.319125213015885,1.08802437493698,0.792025329309218,-0.251578165054403,0.0103404189174493,-0.497812395233622,-0.89107398632881,-0.56835973333086,0.731771489980877,-0.413643718182452,-0.493955356348089,0.20202033920296,-1.08766040733085,-0.105074818638009,-1.5203321877334,-2.46750850005763,0.103791930158643,0.267544315248016,-0.696597917987338,1.80654805481278,0.579069689156772,0.884465969298658,2.4354699642263,1.28191257226929,0.00270359943578089,1.37776472515327,1.44803951937063,1.5146472766327,1.05486094394918,0.566539610084971,1.3789394671227,0.988901719263131,-0.0501498613032235,0.939746809731671,1.13724889641802,1.53876318349366,2.50025676273886,0.10866403157843,1.56031782689633,1.55690648312251,0.697851338772945,0.363157747095059,1.44032329543734,1.05809155832289,1.18637156163481,0.789569519915274,0.104308785689192,1.14879353975419,-0.0983162023675678,-1.81610583325613,0.630541084332568,-0.731315673080643,0.12107427498377,-0.0501406694041575
"S095",0.0548853508358248,0.422498071439301,0.988090069110667,0.434196971399517,-0.15770528446285,1.97277350779213,0.0681655632161131,-0.0753830625560743,1.63456304085699,-0.256686126855393,-0.625368117389925,-0.384927643268347,-0.0475130756161993,-1.15641194701995,0.184952642552524,-0.574425251285745,0.199232565350541,-1.86092831784205,-1.04500915795975,-1.88101329948098,-0.883109881480153,-0.416815389621875,-0.162549572426214,-0.136879494540722,-1.58889119281156,1.18793762428696,0.543896251916668,1.92555291807456,1.30354107309783,-0.446458848504823,0.832931937835358,1.15687434478254,0.554370382887625,0.953808243884739,2.17007560793139,0.533844463033417,1.55715867298531,0.346354133826024,-2.79284374460013,1.51848029167144,2.94374648327322,-0.184878383216617,1.20674697705394,1.42250515656561,0.304748980886523,0.659524014414943,0.750984092980291,-0.220507640059469,0.654978332444272,1.10194084002899,-0.552455164971229,1.74695986121692,1.05539656530598,0.978471551114306,-0.65691077095227,0.0178559346512372,0.0594581770728444,1.17082650822543,0.211208209782009,-0.300394929996769
"S096",1.04380828242407,-0.626941131859834,-1.40460238407403,0.451263803388767,0.0203269938171084,1.52929936166064,-0.642255890537912,-1.75574342905016,-1.32917832992513,0.794148337261919,0.00754256754800283,0.583784788639765,1.37484787518346,-1.52623759786119,1.10763515330991,1.35579457690775,0.168685134249157,-1.92083562738391,1.11422377655272,0.68881697673689,-0.374658493057338,1.56604457030323,-0.1647903288042,-1.13354382062216,0.996530366044718,-0.830111749537026,1.27132730201691,-1.27047448210674,-0.627632232524849,-1.1676803094229,0.487739795676796,-0.926793338946848,0.625131905821484,-0.553976835645444,0.754844629078868,-0.519180485310848,-2.80831190611576,-0.0677790346131353,-1.31935220989152,-1.48908092518783,-0.517651220001448,0.543661054085585,-0.347003127826671,-0.868577640802113,-1.46716664063289,0.273039864764835,-0.0888264089969212,0.987440468253212,-0.705363945794286,-1.08197349879101,0.523906044997408,-0.122127580933961,0.833718485935499,-0.942950990824047,1.43347039221281,0.170373067540192,-0.100886336619012,0.289596766015482,-1.63471387494185,0.258916895634259
"S097",0.713876152552376,3.06781732033544,1.59976296857854,-0.0163035545811382,1.90427613338623,1.73814363712947,1.20984626676328,1.73882958536876,2.03408613947217,-0.0596243269672741,-0.144405607799836,2.42254164536425,1.55691553259804,0.687382404457984,0.583980373428324,-1.93506593033815,-2.03883527913113,-0.687874426230027,-1.16595564747576,-1.84818900508357,-2.95704181960453,-1.61863172376556,-0.672821645910514,-1.81117050667098,-3.14060971010835,-0.851204763977338,-0.869517758833488,0.0968574044986027,0.698932669236898,-0.519865988959226,-0.437542363773637,0.153164825795305,1.59656104791037,-0.423668961002561,-0.156843862486057,0.0445574818089174,-0.490239609654267,0.197438301428069,0.196240440826108,1.2382058392974,1.90855503387969,-0.204576754784126,0.037431930154471,0.591224151836118,1.08928716367637,0.195358135369155,0.607791793666174,-0.307244689326227,0.308393348304232,1.02597526490308,0.802252485851122,0.297656581012559,-0.173327224442698,0.507880611447559,1.55485035616267,0.939008358874861,0.950706032127624,1.664510973309,0.54284141736157,-0.205299209749927
"S098",0.582370003336157,0.312855826389583,-1.14878374937175,0.353200532391015,0.862344685759529,0.997568461974399,1.56154411903244,1.38650990227415,-0.905908084196463,-0.175885759498108,-0.602350311083839,0.849261966433913,0.0723678937555997,-0.168267664927246,1.0292389522705,0.760639514416173,0.0398143272350998,0.796371514478787,-0.209880352616637,0.0518767726584471,-0.091972039505298,1.06225837043774,0.253738029199429,-0.327837104673826,-0.400398162607496,-0.0470843780152359,-1.43228867003473,0.364256120740745,-0.456083071631364,0.378288581160864,-0.689891516917634,1.31252202173852,-1.44878073837252,0.663620033076201,-2.48842401999981,0.372974975039445,-1.13038278024259,-0.00374087542216017,-1.16184247460761,-0.730114734040648,0.104158987376738,0.426161478903288,-1.82493687147126,0.991794796968601,-0.968731972889846,-1.83291733697985,-0.062728954181893,-1.43450940464434,-2.11055712949923,0.182292714990082,0.329357431908644,-1.56740692232069,0.454846999102088,-0.0961273004659999,-0.126509047396949,-1.49017726951792,0.837774880097339,-1.46111650233229,-1.28541565129255,-1.99456125952098
"S099",-0.8695881476573,1.8748483973239,0.0937960720827482,1.3632170020345,1.29394131771558,0.49495355369845,-0.353361133186748,0.145030062130938,0.640103370806228,0.115341042330479,2.65345524444672,-0.0616273275038402,-0.239540525936894,2.33870336183068,1.34098249959165,-1.84678793786194,-1.32899860118814,0.52491300337659,-1.1421427361845,0.602109164000123,-0.107406240459555,-0.293041729667164,-0.116620124846178,-1.44115850328725,-0.664261522909555,-0.847226839137057,0.452764206888945,1.07738554791502,0.134641125005454,-0.325560943820629,-0.656556451886644,0.389096648725526,-0.449457069971895,-1.80903324063264,-1.30917143096894,1.1685166686319,0.525788439536352,-0.331563310196867,-0.140361251868611,-1.08080225016602,-0.108814129016665,-1.0252591779229,0.340830013316735,0.642838575326212,1.45871598176543,-1.20032454775386,1.3587847443937,0.192715617266292,1.45458803982405,-1.62078059376696,-0.700811724088693,0.905267087381446,-0.904354276829623,-0.613813536301839,-0.67245852176017,-0.869315955850196,-0.0152054550023106,0.122213012514158,0.677328705556834,-0.811361169514383
"S100",0.745694558548589,-0.314689679218301,-0.136755172592779,0.911867100819551,-0.166655045201254,-0.311186902649437,2.11470779737127,-0.0204691465100248,0.501521635952219,-0.257381275070125,1.38572500613105,1.09430681147724,0.400353824555154,0.10002230448062,0.323863154396386,-0.742379852979916,-0.442851398379048,0.480162764912392,0.591450467320111,-0.0185383120874736,-0.926840920226771,-1.55881338019369,-0.302183548047356,0.765259895053476,-0.143051909225591,0.387334264148316,0.447271775324664,-0.901720607170887,-0.810126472213407,0.339963344744327,0.363773205863166,-0.449126732154218,1.541436569119,-0.427728301259182,-0.287274663381489,1.25330229188862,0.0805461153683019,-0.00510064641418905,-1.82979615502159,-1.03836860985077,-0.72117204359581,-0.62304772917912,0.184299215679114,1.48295252225167,1.37361230785544,-1.35559818059693,-0.502617772289413,-0.0424457925189239,1.11176770305754,-0.353266875980946,0.718647023106742,-2.11884200211312,-0.678353679137456,-1.76662748203165,-1.38960273976989,-1.01730499259022,0.0238751256588831,-1.03706997814235,-0.130935747270624,-1.37284311677058
"S101",0.667323588470386,1.32846824299312,-0.857467870513077,0.735593478114514,0.884208568465234,1.00755909837619,1.02068628111044,0.594412805809758,2.2766797885812,-0.980580568524387,0.714440808176802,0.976581328473086,1.51388416678094,2.27868408506385,-0.371425356354723,-0.685053740925998,-1.35729246661319,-1.7804882581874,0.126927495300196,-0.39234022247431,-0.238006453681907,-2.48406043800708,-0.208127329031607,0.598680027230012,-1.22198124387328,0.622225085261616,0.709918897605213,-0.669159115564664,1.04235638274372,-0.957464488107827,-1.53779988370449,-0.196097839181048,-1.85362968590685,-0.185220222883309,0.196623444790539,-0.659140003784408,1.10227161129184,-0.0537421954271814,0.395573236537584,-0.689958618028118,0.185282522433907,-0.351361633237232,-2.55943341701399,-0.313120983639027,0.261850207223816,0.979230803499333,0.734918267016189,-0.389082171110886,-0.501006173101154,-0.412528439373723,-0.868717572691582,-1.68015879172496,-0.277834266720493,0.082666362488768,-0.512793816600291,0.939709787853167,0.110624586365418,0.343040578956615,-0.173269836961762,1.49415702133765
"S102",-0.589000478179458,-0.819837967785572,0.69712453573948,-0.136809011426197,-0.195675699799983,-0.995068765133121,-0.799685327292583,0.413521240442875,0.938821261348296,0.591993432696003,-0.449166557342418,-1.54859241923381,1.09262047792695,-0.728535014570268,1.97216083311001,-1.15535979384176,0.154762131217505,-0.150179903684349,1.40029608532852,-0.719609477385875,1.16355717605346,0.264062307469672,0.224533047656946,1.16426442287866,-0.362249423921213,0.693360237415463,1.0277483113468,-0.914545812181862,-1.46346832090486,1.54630302906957,-0.134458871916125,-1.46956696720724,0.0645780209753087,-0.366999828364031,-0.489596820139717,0.246150864606365,0.329259446257203,0.408899909466659,0.0780999810150404,0.409415140989923,1.68752605130255,-0.0222692007607592,-0.0795374785930699,0.684764401745996,-0.0891591658310816,-1.17375629246252,0.786288919045228,0.658451563433622,0.189687863187843,0.52298355575252,1.22624598679465,0.538094993477087,-1.27586499919507,2.22646904082265,-0.363714597485938,0.131064634628717,0.532068287493505,-0.526732527033454,-0.856332094798691,0.877073079125017
"S103",-0.394152659597319,-0.574966293055494,-0.00277081486254021,0.122769392539585,0.13327836057919,0.803867274073092,0.299203041962648,0.430339909359122,-1.40872780749022,1.566457306395,-1.14805978628233,-0.608544735680968,-1.30770004511683,1.42227923013174,-0.613068157306704,0.0202193812767124,0.775503064553949,0.276816099896796,0.976612048146403,-1.07014115239155,0.592236827512423,-0.470965908529271,0.116579533607517,0.92769580979768,-0.198212492045157,-0.00787114784125904,0.0116534134018117,0.425717923859224,1.8578769220028,-0.223480148960095,0.315179001025375,0.0646408585479366,0.463878950869331,-0.0880315115031029,1.09866733136052,-0.214663816557717,0.894263852541059,-2.07291415910502,-0.799873238737423,0.363781049155044,0.571940610477387,0.20103323414115,-0.960997507113343,-0.0800538376706083,1.21223755489614,-0.508268512249113,0.62213402725594,-0.221557346851726,-0.406961046911614,-1.26623490357892,-2.40871847956195,0.692324211739205,-1.72497151534244,-0.154797497398478,-2.40258046511794,-1.26755198715272,-0.767581775514221,0.403108906750734,-0.475883996497956,-0.422295736864179
"S104",-0.128379118753219,-0.40562255588686,-0.934187368649968,-0.209697915846728,0.575483799963005,1.13203468255412,-1.09548787152201,-1.00613879928242,1.07202812434108,0.967573620350559,-0.588735592240822,0.361556353459556,0.910143760616731,0.875868458331079,-0.203017607640896,-0.16031141736858,1.93587688716244,-0.48861600918131,-1.58474023604695,-1.61640444287568,-1.40305118308636,0.0875749993196679,-0.0289738266359533,-1.01700326681242,0.242847352674864,-0.162696478185452,0.43185084377721,1.39020101729938,0.790544990913751,1.10703170985491,-2.74496399622134,0.224568934062232,-0.24534877387958,0.176426747098534,-0.216596296647919,1.04275434047545,-1.0182784701283,0.521487258280713,1.60367669799327,-0.778353808513765,0.559990037811841,0.36505833963998,-0.239536773009077,-1.40746961152834,0.418227407520063,0.651666597032194,0.827750129922915,0.0627776111313789,1.39814740246789,-0.570947683747537,-0.635179792682033,0.600896253865558,1.14917146271575,0.526906847399566,0.407598505472671,1.34777247983793,0.0233961787278367,1.0122572203155,0.466633834900443,0.198333919576137
"S105",2.52279429283398,0.53449250345985,0.749453825238141,1.5920626717259,0.234525194323087,0.929828369608749,-0.0534803043991701,-0.459301738490301,0.117495842620667,0.186107583850845,-0.472913761077837,-0.540793153994883,2.0712217654068,-0.557076432448835,-1.02109710056671,0.319462417328503,-1.54518027812354,0.375933372435614,-1.20723749832671,-0.297940816888254,-1.85857387864114,-0.239742763434305,-0.399906043777895,-0.760595618501502,-0.434606024939484,0.385780218781967,-0.395918432086727,-0.654823847072728,1.51725324048343,0.975485796081791,2.15055169661288,0.326625613725689,-0.124647068932483,0.272436892349251,0.492110757299121,0.379868106910727,1.37115339926828,3.10783593203243,0.716431364925531,1.90302238199196,-0.78011440958186,2.45805976231475,0.0591549840748985,0.172686599146715,-1.65418661039795,2.37022653055082,0.508153160536455,1.23503969450576,2.0065430874994,0.50590263398326,-1.76658704102171,0.261872988613268,0.565878797107203,1.99792011794389,-0.0531536399216033,-1.3477834844899,-1.69586402878302,-1.06202727278149,-1.06016988232338,-0.335038499439746
"S106",-0.41666040135777,-1.13442421776886,-1.11056268664258,-0.929927453970362,-1.84071569464437,0.703523792232137,-0.163373293535877,0.0609323606110699,-0.793468016723196,-0.949430233114344,-0.460473686014595,-0.685413814438163,-0.964994224617201,-1.02462628516286,-2.06933575906397,0.661380180277149,1.39765573435556,1.40438247607542,0.229497322862034,0.173219597868623,0.904783290787538,-0.958440407094828,0.172257786557192,1.8479432792749,1.74381830785658,-0.58266444727531,-1.07860001841486,-0.54045909895638,0.242460243556476,0.0987126684267443,-0.281220730029928,-0.885760397922787,-0.422380986587786,-2.10401231505834,0.956804954979559,-1.75325555453537,-1.24951465569831,-2.22998526389196,-1.53927147952612,-0.473279122414908,-1.77547192748268,0.683657660898936,0.0714479986505128,0.0647501157803678,-1.93912557000781,-1.67599384844897,-0.325203791730378,-1.65174168801082,-0.633654660037017,-2.24201120808839,0.1370509892622,0.322037921335324,-0.213588299510282,-1.22463202281919,-0.324839096002647,-0.0258708307251386,-0.648850690990865,0.725380130362347,-1.20539187632152,-1.61354300688142
"S107",1.41629333100833,1.33762280596231,0.986063691738207,0.444532444776971,0.810604427708485,-0.956601453581795,-1.23454244725705,0.605045786499305,1.15930246556815,-0.138001464306066,-0.642692331229343,1.93308964538194,-0.419212635301659,2.17181578109843,0.35438226394879,-0.3183833668512,-0.703948778251904,1.74630446159483,-0.245810993857663,-0.233717111249965,0.152810322242215,-1.32855767249636,0.048184415886618,0.383082557064233,1.0860154618412,1.11018388861655,0.358517360782649,-1.0554798941245,0.822417897401116,-1.3752145081053,0.642159382010008,-1.4411225641556,1.15754447512449,2.8579978474696,1.7917465406541,-0.386971671538778,1.27307904620105,0.520381267588882,0.112806387112954,0.81666814646499,-0.804603639005108,-0.359713842484583,1.56324462383386,0.713139171181323,1.59093078566492,1.0906875360062,1.94914730883582,-0.677423098068854,0.461294893593032,1.14217985734649,0.404342011914793,1.23915517345836,-0.644183388573623,1.7300561919742,1.36072122077837,-0.363524144235168,1.61703403887341,0.686505145105401,-0.910812808426557,-0.111578848530689
"S108",2.35207085491238,0.842930040207485,1.58467861138671,-0.312995482633555,0.304230937465731,-0.67906639905631,1.40192604627695,-0.050580501254412,-0.0380886776858647,1.09633805607281,0.568677064114611,1.85012726792771,0.640883973926571,0.0181282785024817,-0.625576461770587,-0.291669192621463,0.946702253655609,-0.978600546806402,-0.502321229300174,-0.366317678989837,-0.322595180957545,-0.423254033791505,-1.66198564049576,0.417364931821068,-0.376099378415115,-0.0772563066112601,-0.765091218810386,-0.919245962582042,0.00967386407600268,0.850316742444716,-0.632488609965987,-0.845091783093908,-0.45075104004439,0.106521735379707,1.6768148247414,-0.997327089728344,-0.546889757905225,0.516690278718393,0.0622764208007745,-1.17858639358453,1.11507606567642,0.855673036674446,-1.17129192702557,-1.56637501151601,-0.0732016144712146,1.31285757076908,1.00355462151738,-1.51572412471022,1.99212886268117,0.370452891558046,0.225560345292208,-0.124544150441218,0.665635332694724,1.28342226550709,-0.185200401299082,-0.324741378942536,0.651482094551212,-0.564526784075154,-0.265072762665965,0.13100347635352
"S109",0.639335721068337,-0.909097758408147,-0.318304180128334,-0.121371468061616,0.103958486546328,0.274019151515769,-0.279556258790983,-0.39066550699857,-1.48690363899947,-1.96544989831649,-2.47350211844977,0.104841335703402,0.0281759608506039,-0.742846095383226,-1.55645305684794,0.41581605027155,-0.701967460836305,0.568267989809933,0.523275611565091,1.31999172875428,1.62498653882182,2.14168095179464,1.03197648190681,0.957434446017412,1.55448573274502,-0.0235443838925318,1.16400870400409,-0.0184891204367212,0.180564587746249,0.492049186051156,-0.984474081259409,0.596056718566278,1.32695448929883,1.75574634676549,-0.902535636706425,3.06136670901209,1.87583040206294,1.20410754343417,-0.179802860007602,0.648505536645966,-0.7154849889348,-0.980845399233909,0.102288092649787,1.02552010613502,-1.15465490244277,-0.398926477972513,-1.34529476050121,2.01725324840575,-0.0184423400580374,1.74732025660402,0.504153091591309,-0.751668688584733,1.21432612031719,0.660375358501772,0.455269239600288,0.584935379273069,1.54791087808019,1.17505515713533,-1.05465515471577,1.51768865497635
"S110",-0.430201282852358,0.381537928683501,0.446788278394844,-0.607574844475723,-0.23052108759453,0.247635888063361,-1.5606769286746,-0.856346717342341,-0.354830351763792,-0.980400770101542,-1.05611989651586,-0.682562282630067,-0.265975997708204,-2.8371065690851,-0.576595160875615,0.718494290890073,0.00407019551508777,1.35128751221176,1.19812532938593,0.36948860126227,1.23822488740291,0.675575719759027,1.3842324686026,0.280959473969336,0.125554255025268,0.880686102128011,-1.18190950402322,-0.437889071764577,0.502671921308569,1.60874612917431,-1.16741206431703,0.517008031172322,-0.490396997052474,-0.254331798753233,-0.884563168461898,1.09072046173424,-0.424752268565033,-1.18357655680848,1.11582042187816,-0.728618654861255,-1.37439506094459,-1.83111001413642,0.36344360730647,-0.414866291663397,-0.222340692508871,0.870574032770845,1.00972419701188,-0.648918552801868,-0.757378939819764,0.249469527825031,-1.27182647625404,1.69397756772625,-0.161621245630296,-1.22487823188149,0.136949287941026,-1.45846309729457,-0.398773017552945,-1.39015207764831,-0.0317955868283615,-0.623379322505822
"S111",-0.367016965286089,0.478814366305019,-0.387342985883825,0.880367666346335,0.82438740334528,-1.21597093706549,0.350591728129079,0.00180751646808391,1.61366819042146,2.4446475436058,0.745255122841769,0.311196986250533,-2.01184178292301,-0.50759432884471,1.28358803057171,-1.14945026989089,0.538279299039395,0.195692391326078,0.639358774032465,-0.522241477408429,-0.94587879105185,-0.524089734123083,0.273901689556138,-0.626864868293024,0.0893424662695805,0.787838089044119,0.316725752012388,-0.116456397329511,0.605773501024225,-0.19038530654728,0.296722612591059,0.607346403306062,0.307468536509381,-0.712358807499769,-0.821495802179595,-0.477640486573319,-0.86210581338641,-0.0182344809885317,-0.727893446429072,-0.164130744816418,-0.64694419658051,-1.96164043115202,1.80633662757775,-1.07258333932469,0.319179096142782,-0.25826927950951,0.784398740625756,0.216042571734923,-0.426830864187587,0.442747496309378,-0.503651542050773,-1.9371099989869,-0.622884556214491,-0.389388990856842,-0.211138926859958,-0.473537205703363,-1.68041366959979,0.539573721175029,0.223822081047966,-1.3248970940579
"S112",-0.583532200943621,0.287065847786347,0.673666196390937,0.382094577554358,0.409398735926867,-0.980241768603608,0.620702156808687,0.907764130072965,-0.306952924983535,2.01821716347208,1.45581810229503,0.139961525423675,-0.157529856098143,-1.45014272610531,1.52303608827967,-0.574029455568479,-2.30291728638338,0.174324464838283,-0.0149725384148006,-0.824819672397334,0.196254059230619,0.127734112571174,-0.320189882520436,-1.62320817901357,-1.32467365339526,1.20682871216103,0.419682226601298,-1.10106064849631,-0.363459470261191,-3.1631209232845,-1.17802366152242,-0.314883963040097,0.0173944965450961,-0.5568556765238,0.0694089357179836,0.594234903105041,1.90913553716787,0.0616162987052374,-0.249467330954476,0.756380504742235,-0.322574007400041,0.93286884587011,1.11899589149561,0.206758739527842,0.487934158231486,-0.731485782458816,0.996669614370646,2.34110522028158,0.542245944517144,-2.25724420810767,0.958199149263168,1.30854643116999,-0.0820892525559688,-0.449664449017218,0.201890129491818,-0.0326850829495764,1.76930103716788,-0.135011481036937,0.0647743827107772,2.10539098286295
"S113",-0.259541865604687,1.08407023945475,-1.40022829415474,0.995080860764847,-0.432933854761778,-0.147421926198356,-0.714822229563174,0.667215349590865,1.03790429030224,1.7112865912483,-0.562549357157078,0.931154226672475,0.943206158238211,0.944404129823817,1.82670095750889,-0.597219909948101,-1.32882101368774,-1.86017189215309,-0.350707197595697,-2.77445550927965,0.307609702147477,0.143285532030094,-0.448270023987923,0.989550472851358,0.665328702998018,1.94681953962131,0.505031483701027,0.350550852792688,-0.9620288220905,1.31845685950652,0.533981404938141,-0.500533387803045,-0.0542615033368806,0.0162458304186116,0.420893899956548,-0.809038895901069,-1.34483974043622,1.21122789226364,-0.744789095063618,1.3001953571901,-0.486795492273793,1.38092330310055,-0.127321527889883,1.12873355739545,0.185745393259645,1.61670895654583,-0.414198904777184,1.2148429396869,-0.841307840637267,-0.268021001639235,1.02801473601531,-2.06775564800337,1.21015989483397,0.752914587739024,0.245557395504035,0.0538598721988143,-0.352510225954433,2.50465677999081,1.46967352102113,0.297892651022854
"S114",-1.39783446415718,0.78934545407225,0.8682159569183,1.24250657851619,1.12509423214064,-0.864614276168224,0.450389239725554,0.3201352427778,0.191007754056008,0.894434458569583,0.575353671876294,1.40485893523887,0.0188301120807268,1.81748843098919,0.748988049297918,-0.564049507970378,0.206396857723874,-0.0103787494040626,-0.465738228581136,0.0827109630645078,-0.97449998343461,0.805538189735145,-1.13982641274438,-1.2285272856452,0.179484747118432,-1.49905401758952,-0.0237632407087985,-0.263973646132845,0.0916947231462516,-0.434343029802795,1.25874579791928,-0.491716175277721,0.232374647370716,0.542070882505189,1.47000983562001,-0.175967335324599,-0.866558405293998,-0.239347626623376,1.33927624498552,0.475071926977545,-0.405382791305512,-1.2711109477861,0.591290386265653,0.503723060332687,1.05965023402599,0.0839678622398937,0.293135597153278,0.651636428192123,2.42368432517569,-0.719469505160677,1.01244386516314,-0.0920251123746989,-0.915405514355611,-0.963351206645921,1.08608214849541,1.93123872205562,-0.562472474628345,-2.29950249077952,0.878285837334864,0.853924400398892
"S115",0.177929542819043,-1.59200531307092,-0.321176150767286,-0.535613278889637,1.26614834327905,0.960459109744195,1.24219529111505,-0.108978805307839,0.725995439267307,-0.294514721600754,-0.0457329763002773,0.78978896410588,-0.915462635324147,1.38575679165323,-0.0347470728673394,0.774511886992153,0.0485530160109001,0.411795535319542,0.114848942965733,-0.367135503891753,-1.1693738867159,-0.10647116919712,1.54107172174487,0.0241709691277231,0.661299412889727,0.976706814937438,-0.851428380248303,0.400331881264465,-0.67308855682047,-0.0666578996283042,0.0786246202645278,-2.30235087952002,-1.06585508601472,-1.5363168924246,0.665888600622732,-0.714515199980136,-0.0735234858610007,-1.48124711587092,-1.71663624684394,0.62946180388098,-0.470526449266031,0.258945019382026,0.907572681097367,-0.0835029169963238,-0.445959232940627,0.543595702747969,0.521016539843526,-1.35928622233467,-0.530360831197117,0.999106510029604,1.63852532278826,-0.182357606936403,0.576335095534553,-0.00702767431962936,-0.0752572306144281,1.3975478967337,-0.119446002909136,0.884500817915721,-0.863143807293962,0.941011103667175
"S116",0.734708637967977,-0.161007993785385,0.0727624848319395,1.38635643194697,0.0949430191533189,-1.74165728973567,0.423060007548508,2.31247170992904,1.41371396168653,-0.727547615106939,0.0319800283527647,0.220746390415412,0.352564784473882,-0.244304355564305,1.77666768448829,0.421614509626254,-0.82557222702872,0.0592083497364574,0.918998913623209,-1.03234414867741,-0.612846062688316,-1.61429152061585,0.711482661192141,-0.342104781107651,0.639712745834771,0.796812696336774,0.144727195990749,-0.0870946697899832,0.858671194938124,-0.860360541837988,-1.70664486404464,-0.064030760194966,-0.768294074899167,-0.661596571285901,-0.705844218484287,-0.241700395816966,-0.567252391374748,-0.569291088107588,-0.482966639943716,0.230602227782786,0.0852993637909291,-0.329845437648853,0.00688182812326298,1.74476044091517,0.366468973009164,0.126340176366938,-0.187387957889856,-1.02936198645279,-0.658656630717746,-0.0482738448435337,0.16927180368056,0.995193743803102,1.02426624290954,1.49471266692853,-0.0973329420089325,0.0378338129137304,-0.859753824874988,-1.51329175965523,-0.0928104451016717,0.0298151392454636
"S117",-1.71116615064244,-0.0478140198827002,-2.34504569428811,0.752597155886511,0.497584636508113,0.0739027829958097,0.663919459244176,0.113594060707325,-1.36642319064099,0.758787967567875,2.34163622517017,-0.930178555453099,1.57920556023346,0.00151566895184486,-0.820384211629062,1.38289590822748,-0.0363741781821021,0.03725310789534,1.87449155488948,1.34063971574588,0.215457856319223,-1.1152375948308,-0.241204715883977,0.846011170309035,0.266220542117471,0.404131552816227,0.776991695852403,-1.15010035551135,-0.816724663085859,0.0573070834920901,0.422657033857474,-0.463189445412573,-0.0395574516180934,0.789259566962286,0.993118915516465,-0.240769406171873,-0.814841475881855,-0.0675765948544678,0.373871223564917,-1.04637594940759,0.547983594463306,0.797738163209005,0.46024531662302,0.0479966611004259,0.279170338296897,0.141751591146054,1.41336741748288,0.436324285911723,-0.158755307456951,-0.559697485033246,0.113882769659903,-0.114830399169385,-1.05307595723349,-1.06658503193363,0.854299114111402,0.38622217161738,0.829977179564722,0.454356299412495,-0.671316588996849,-0.189808416454462
"S118",0.234854280244605,-1.01919793283943,2.14690081888676,-0.739958029641858,0.515544985567287,0.610564512991142,1.12957308443028,-0.620941723837229,-0.478692302856005,0.302967018750258,-0.0873126428644985,0.894641675420437,-0.0217075487127732,1.10948785982849,1.06059630409341,0.492004910418398,-0.463732900283897,-0.472457565341725,-0.0595329501010124,1.27712534610762,-1.26133316254269,1.95130650770712,0.376448380155213,1.9709082947377,0.463629510762814,-0.0863973163478481,-1.48384498049017,-0.123401319143358,1.47803866346424,-1.5673456433637,-0.139993830259766,0.772365525925389,-0.778108275543956,0.323378727958079,-0.97406815425339,-0.963548537992919,0.530259829697211,-0.15488455686346,0.704635877306756,-0.256035916372866,0.643319530816231,0.260328213652949,0.143527281837441,0.234248989726107,-0.90749640643103,-0.191685402576018,-0.257323884544807,0.31502614490424,-2.56090767045585,0.581882613692963,-0.641604491344431,0.909401388787084,0.832515694227274,0.187931939194065,-0.13623235004925,0.480847969199132,1.43858406229154,0.632736506041253,-0.020938142430977,-0.276814546727969
"S119",2.41844374947174,2.14047737715061,1.3761978269795,1.04620929993058,-0.755045558835011,1.03135108670946,1.16003774472749,1.05341687315927,0.103021129844308,0.256706221161085,1.40627989102636,1.53914024408155,1.32252226473925,0.80611428246997,0.457797103826802,-1.45053974196332,-1.43417487383626,-1.66443482628647,-1.83360552779053,-0.909633200546442,-1.0061199442969,0.515065207141986,0.150179699896368,-0.0438136032252607,-0.300375154928431,-0.453316329705333,0.269776313191339,-0.752556184598383,1.20344930535781,-1.23188119925523,0.114270008483732,-1.64082365766543,-0.0701916179146369,-0.826520928218762,-1.53319136334291,-0.28859017082412,0.493520354988525,-0.205314050420198,-0.750554219591052,2.08946611591762,1.106193031482,0.83561274197598,-0.343941537567643,0.63883998127058,0.703267159426152,0.601432180626362,0.531540202475663,1.20424916827354,1.84651416493339,0.0783806703391688,-0.257581908013851,0.0896345179694283,0.619862725272128,1.88399387984178,1.29536759377298,-0.534483031600599,2.01882907707801,0.358697839733729,1.17082420745334,-0.232859916025111
"S120",-1.7953798821712,-0.23779352631326,0.49162126022547,-2.04428309835997,-0.689992625606037,0.511084829246251,-1.0847314756081,-0.620039899510783,-0.119035151969416,-0.277054262892338,-0.966953573831291,-0.851835789403046,-0.599005900261442,-0.336645763755408,-0.465851350951711,0.479991935323888,-1.19672426607138,0.719785626431864,-0.450330400394156,-0.171930556235646,-0.29711352711922,0.326384647305424,-1.04527268428219,0.284606389872092,-0.369679384754899,-2.21780674268147,1.31720010039139,1.03639883092673,-0.700442040523382,0.254430522295375,0.0266943149347562,0.161557912329414,-0.149365740748118,-0.00607780840221325,-1.67546619254394,-1.48211379223661,0.730011625794727,-0.645238891759092,-0.790866860029303,-1.14181109720735,0.338878429591277,-0.432701940298202,-0.0776780593767107,0.333127172727771,-0.140022961429658,0.563438148520157,0.544866040021761,-0.836269028801567,-0.358249575150282,0.0101207413266228,-2.05147756095745,-1.04569804767954,-0.352210118431313,-0.726673945193283,0.05190093745045,-0.254609864524506,-0.73180380013553,-1.38571277746875,-0.993670759504706,-1.73598559103757
